[{"name":"core","description":null,"location":"core/index.html","searchKeys":["core"]},{"name":"com.getmoneytree","description":null,"location":"core/com.getmoneytree/index.html","searchKeys":["com.getmoneytree"]},{"name":"ClientAccessToken","description":null,"location":"core/com.getmoneytree/-client-access-token/index.html","searchKeys":["ClientAccessToken"]},{"name":"LinkAuthFlow","description":null,"location":"core/com.getmoneytree/-link-auth-flow/index.html","searchKeys":["LinkAuthFlow"]},{"name":"LinkAuthOptions","description":null,"location":"core/com.getmoneytree/-link-auth-options/index.html","searchKeys":["LinkAuthOptions"]},{"name":"LinkEnvironment","description":null,"location":"core/com.getmoneytree/-link-environment/index.html","searchKeys":["LinkEnvironment"]},{"name":"Production","description":null,"location":"core/com.getmoneytree/-link-environment/-production/index.html","searchKeys":["Production"]},{"name":"Staging","description":null,"location":"core/com.getmoneytree/-link-environment/-staging/index.html","searchKeys":["Staging"]},{"name":"LinkError","description":null,"location":"core/com.getmoneytree/-link-error/index.html","searchKeys":["LinkError"]},{"name":"BROWSER_NOT_SUPPORTED","description":null,"location":"core/com.getmoneytree/-link-error/-b-r-o-w-s-e-r_-n-o-t_-s-u-p-p-o-r-t-e-d/index.html","searchKeys":["BROWSER_NOT_SUPPORTED"]},{"name":"CLIENT_NOT_INITIALIZED","description":null,"location":"core/com.getmoneytree/-link-error/-c-l-i-e-n-t_-n-o-t_-i-n-i-t-i-a-l-i-z-e-d/index.html","searchKeys":["CLIENT_NOT_INITIALIZED"]},{"name":"CLIENT_SCOPES_DENIED","description":null,"location":"core/com.getmoneytree/-link-error/-c-l-i-e-n-t_-s-c-o-p-e-s_-d-e-n-i-e-d/index.html","searchKeys":["CLIENT_SCOPES_DENIED"]},{"name":"FAILED_TO_GET_VALID_RESPONSE","description":null,"location":"core/com.getmoneytree/-link-error/-f-a-i-l-e-d_-t-o_-g-e-t_-v-a-l-i-d_-r-e-s-p-o-n-s-e/index.html","searchKeys":["FAILED_TO_GET_VALID_RESPONSE"]},{"name":"FUNCTION_IS_NOT_AVAILABLE","description":null,"location":"core/com.getmoneytree/-link-error/-f-u-n-c-t-i-o-n_-i-s_-n-o-t_-a-v-a-i-l-a-b-l-e/index.html","searchKeys":["FUNCTION_IS_NOT_AVAILABLE"]},{"name":"INVALID_DEEP_LINK_URL","description":null,"location":"core/com.getmoneytree/-link-error/-i-n-v-a-l-i-d_-d-e-e-p_-l-i-n-k_-u-r-l/index.html","searchKeys":["INVALID_DEEP_LINK_URL"]},{"name":"SERVER_ERROR","description":null,"location":"core/com.getmoneytree/-link-error/-s-e-r-v-e-r_-e-r-r-o-r/index.html","searchKeys":["SERVER_ERROR"]},{"name":"UNAUTHORIZED","description":null,"location":"core/com.getmoneytree/-link-error/-u-n-a-u-t-h-o-r-i-z-e-d/index.html","searchKeys":["UNAUTHORIZED"]},{"name":"UNKNOWN_ERROR","description":null,"location":"core/com.getmoneytree/-link-error/-u-n-k-n-o-w-n_-e-r-r-o-r/index.html","searchKeys":["UNKNOWN_ERROR"]},{"name":"LinkEvent","description":null,"location":"core/com.getmoneytree/-link-event/index.html","searchKeys":["LinkEvent"]},{"name":"ExternalOAuthAdded","description":null,"location":"core/com.getmoneytree/-link-event/-external-o-auth-added/index.html","searchKeys":["ExternalOAuthAdded"]},{"name":"LinkWebSessionFinished","description":null,"location":"core/com.getmoneytree/-link-event/-link-web-session-finished/index.html","searchKeys":["LinkWebSessionFinished"]},{"name":"LinkWebSessionStarted","description":null,"location":"core/com.getmoneytree/-link-event/-link-web-session-started/index.html","searchKeys":["LinkWebSessionStarted"]},{"name":"LoggedOut","description":null,"location":"core/com.getmoneytree/-link-event/-logged-out/index.html","searchKeys":["LoggedOut"]},{"name":"RequestCancelled","description":null,"location":"core/com.getmoneytree/-link-event/-request-cancelled/index.html","searchKeys":["RequestCancelled"]},{"name":"VaultClosed","description":null,"location":"core/com.getmoneytree/-link-event/-vault-closed/index.html","searchKeys":["VaultClosed"]},{"name":"VaultOpened","description":null,"location":"core/com.getmoneytree/-link-event/-vault-opened/index.html","searchKeys":["VaultOpened"]},{"name":"WebAppLogout","description":null,"location":"core/com.getmoneytree/-link-event/-web-app-logout/index.html","searchKeys":["WebAppLogout"]},{"name":"LinkRequestContext","description":null,"location":"core/com.getmoneytree/-link-request-context/index.html","searchKeys":["LinkRequestContext"]},{"name":"LinkResult","description":null,"location":"core/com.getmoneytree/-link-result/index.html","searchKeys":["LinkResult"]},{"name":"LinkResultListener","description":null,"location":"core/com.getmoneytree/-link-result-listener/index.html","searchKeys":["LinkResultListener"]},{"name":"MoneytreeLink","description":null,"location":"core/com.getmoneytree/-moneytree-link/index.html","searchKeys":["MoneytreeLink"]},{"name":"MoneytreeLinkConfiguration","description":null,"location":"core/com.getmoneytree/-moneytree-link-configuration/index.html","searchKeys":["MoneytreeLinkConfiguration"]},{"name":"MoneytreeLinkException","description":null,"location":"core/com.getmoneytree/-moneytree-link-exception/index.html","searchKeys":["MoneytreeLinkException"]},{"name":"MoneytreeLinkExtensions","description":null,"location":"core/com.getmoneytree/-moneytree-link-extensions/index.html","searchKeys":["MoneytreeLinkExtensions"]},{"name":"MoneytreeLinkScope","description":null,"location":"core/com.getmoneytree/-moneytree-link-scope/index.html","searchKeys":["MoneytreeLinkScope"]},{"name":"AccountsRead","description":null,"location":"core/com.getmoneytree/-moneytree-link-scope/-accounts-read/index.html","searchKeys":["AccountsRead"]},{"name":"CategoriesRead","description":null,"location":"core/com.getmoneytree/-moneytree-link-scope/-categories-read/index.html","searchKeys":["CategoriesRead"]},{"name":"GuestRead","description":null,"location":"core/com.getmoneytree/-moneytree-link-scope/-guest-read/index.html","searchKeys":["GuestRead"]},{"name":"InvestmentAccountsRead","description":null,"location":"core/com.getmoneytree/-moneytree-link-scope/-investment-accounts-read/index.html","searchKeys":["InvestmentAccountsRead"]},{"name":"InvestmentTransactionsRead","description":null,"location":"core/com.getmoneytree/-moneytree-link-scope/-investment-transactions-read/index.html","searchKeys":["InvestmentTransactionsRead"]},{"name":"NotificationsRead","description":null,"location":"core/com.getmoneytree/-moneytree-link-scope/-notifications-read/index.html","searchKeys":["NotificationsRead"]},{"name":"PointsRead","description":null,"location":"core/com.getmoneytree/-moneytree-link-scope/-points-read/index.html","searchKeys":["PointsRead"]},{"name":"PointTransactionsRead","description":null,"location":"core/com.getmoneytree/-moneytree-link-scope/-point-transactions-read/index.html","searchKeys":["PointTransactionsRead"]},{"name":"RequestRefresh","description":null,"location":"core/com.getmoneytree/-moneytree-link-scope/-request-refresh/index.html","searchKeys":["RequestRefresh"]},{"name":"TransactionsRead","description":null,"location":"core/com.getmoneytree/-moneytree-link-scope/-transactions-read/index.html","searchKeys":["TransactionsRead"]},{"name":"TransactionsWrite","description":null,"location":"core/com.getmoneytree/-moneytree-link-scope/-transactions-write/index.html","searchKeys":["TransactionsWrite"]},{"name":"OnTokenInfoCallback","description":null,"location":"core/com.getmoneytree/-on-token-info-callback/index.html","searchKeys":["OnTokenInfoCallback"]},{"name":"Region","description":null,"location":"core/com.getmoneytree/-region/index.html","searchKeys":["Region"]},{"name":"AUSTRALIA","description":null,"location":"core/com.getmoneytree/-region/-a-u-s-t-r-a-l-i-a/index.html","searchKeys":["AUSTRALIA"]},{"name":"JAPAN","description":null,"location":"core/com.getmoneytree/-region/-j-a-p-a-n/index.html","searchKeys":["JAPAN"]},{"name":"VaultOpenServicesOptions","description":null,"location":"core/com.getmoneytree/-vault-open-services-options/index.html","searchKeys":["VaultOpenServicesOptions"]},{"name":"com.getmoneytree.internal","description":null,"location":"core/com.getmoneytree.internal/index.html","searchKeys":["com.getmoneytree.internal"]},{"name":"[androidJvm]OpenForTesting","description":null,"location":"core/com.getmoneytree.internal/[android-jvm]-open-for-testing/index.html","searchKeys":["[androidJvm]OpenForTesting"]},{"name":"OpenClass","description":null,"location":"core/com.getmoneytree.internal/-open-class/index.html","searchKeys":["OpenClass"]},{"name":"com.getmoneytree.listener","description":null,"location":"core/com.getmoneytree.listener/index.html","searchKeys":["com.getmoneytree.listener"]},{"name":"Action","description":null,"location":"core/com.getmoneytree.listener/-action/index.html","searchKeys":["Action"]},{"name":"ModuleSessionPlugin","description":null,"location":"core/com.getmoneytree.listener/-module-session-plugin/index.html","searchKeys":["ModuleSessionPlugin"]}]
