[{"name":"AUSTRALIA()","description":"com.getmoneytree.Region.AUSTRALIA","location":"core/com.getmoneytree/-region/-a-u-s-t-r-a-l-i-a/index.html","searchKeys":["AUSTRALIA","AUSTRALIA()","com.getmoneytree.Region.AUSTRALIA"]},{"name":"AccountsRead(\"accounts_read\")","description":"com.getmoneytree.MoneytreeLinkScope.AccountsRead","location":"core/com.getmoneytree/-moneytree-link-scope/-accounts-read/index.html","searchKeys":["AccountsRead","AccountsRead(\"accounts_read\")","com.getmoneytree.MoneytreeLinkScope.AccountsRead"]},{"name":"BROWSER_NOT_SUPPORTED(\"Install Android System WebView or use Chrome as a default browser.\")","description":"com.getmoneytree.LinkError.BROWSER_NOT_SUPPORTED","location":"core/com.getmoneytree/-link-error/-b-r-o-w-s-e-r_-n-o-t_-s-u-p-p-o-r-t-e-d/index.html","searchKeys":["BROWSER_NOT_SUPPORTED","BROWSER_NOT_SUPPORTED(\"Install Android System WebView or use Chrome as a default browser.\")","com.getmoneytree.LinkError.BROWSER_NOT_SUPPORTED"]},{"name":"CLIENT_NOT_INITIALIZED(\"The Moneytree LINK SDK has not been initialized yet.\")","description":"com.getmoneytree.LinkError.CLIENT_NOT_INITIALIZED","location":"core/com.getmoneytree/-link-error/-c-l-i-e-n-t_-n-o-t_-i-n-i-t-i-a-l-i-z-e-d/index.html","searchKeys":["CLIENT_NOT_INITIALIZED","CLIENT_NOT_INITIALIZED(\"The Moneytree LINK SDK has not been initialized yet.\")","com.getmoneytree.LinkError.CLIENT_NOT_INITIALIZED"]},{"name":"CLIENT_SCOPES_DENIED(\"The user did not grant your app the requested `MoneytreeLinkScope`s.\")","description":"com.getmoneytree.LinkError.CLIENT_SCOPES_DENIED","location":"core/com.getmoneytree/-link-error/-c-l-i-e-n-t_-s-c-o-p-e-s_-d-e-n-i-e-d/index.html","searchKeys":["CLIENT_SCOPES_DENIED","CLIENT_SCOPES_DENIED(\"The user did not grant your app the requested `MoneytreeLinkScope`s.\")","com.getmoneytree.LinkError.CLIENT_SCOPES_DENIED"]},{"name":"CategoriesRead(\"categories_read\")","description":"com.getmoneytree.MoneytreeLinkScope.CategoriesRead","location":"core/com.getmoneytree/-moneytree-link-scope/-categories-read/index.html","searchKeys":["CategoriesRead","CategoriesRead(\"categories_read\")","com.getmoneytree.MoneytreeLinkScope.CategoriesRead"]},{"name":"ExternalOAuthAdded()","description":"com.getmoneytree.LinkEvent.ExternalOAuthAdded","location":"core/com.getmoneytree/-link-event/-external-o-auth-added/index.html","searchKeys":["ExternalOAuthAdded","ExternalOAuthAdded()","com.getmoneytree.LinkEvent.ExternalOAuthAdded"]},{"name":"FAILED_TO_GET_VALID_RESPONSE(\"The SDK was unable to process the response from Moneytree Link.\")","description":"com.getmoneytree.LinkError.FAILED_TO_GET_VALID_RESPONSE","location":"core/com.getmoneytree/-link-error/-f-a-i-l-e-d_-t-o_-g-e-t_-v-a-l-i-d_-r-e-s-p-o-n-s-e/index.html","searchKeys":["FAILED_TO_GET_VALID_RESPONSE","FAILED_TO_GET_VALID_RESPONSE(\"The SDK was unable to process the response from Moneytree Link.\")","com.getmoneytree.LinkError.FAILED_TO_GET_VALID_RESPONSE"]},{"name":"FUNCTION_IS_NOT_AVAILABLE(\"This functionality is not available to configurations authenticating via Code Grant without PKCE.\")","description":"com.getmoneytree.LinkError.FUNCTION_IS_NOT_AVAILABLE","location":"core/com.getmoneytree/-link-error/-f-u-n-c-t-i-o-n_-i-s_-n-o-t_-a-v-a-i-l-a-b-l-e/index.html","searchKeys":["FUNCTION_IS_NOT_AVAILABLE","FUNCTION_IS_NOT_AVAILABLE(\"This functionality is not available to configurations authenticating via Code Grant without PKCE.\")","com.getmoneytree.LinkError.FUNCTION_IS_NOT_AVAILABLE"]},{"name":"GuestRead(\"guest_read\")","description":"com.getmoneytree.MoneytreeLinkScope.GuestRead","location":"core/com.getmoneytree/-moneytree-link-scope/-guest-read/index.html","searchKeys":["GuestRead","GuestRead(\"guest_read\")","com.getmoneytree.MoneytreeLinkScope.GuestRead"]},{"name":"INVALID_DEEP_LINK_URL(\"The deep link URL is invalid.\")","description":"com.getmoneytree.LinkError.INVALID_DEEP_LINK_URL","location":"core/com.getmoneytree/-link-error/-i-n-v-a-l-i-d_-d-e-e-p_-l-i-n-k_-u-r-l/index.html","searchKeys":["INVALID_DEEP_LINK_URL","INVALID_DEEP_LINK_URL(\"The deep link URL is invalid.\")","com.getmoneytree.LinkError.INVALID_DEEP_LINK_URL"]},{"name":"InvestmentAccountsRead(\"investment_accounts_read\")","description":"com.getmoneytree.MoneytreeLinkScope.InvestmentAccountsRead","location":"core/com.getmoneytree/-moneytree-link-scope/-investment-accounts-read/index.html","searchKeys":["InvestmentAccountsRead","InvestmentAccountsRead(\"investment_accounts_read\")","com.getmoneytree.MoneytreeLinkScope.InvestmentAccountsRead"]},{"name":"InvestmentTransactionsRead(\"investment_transactions_read\")","description":"com.getmoneytree.MoneytreeLinkScope.InvestmentTransactionsRead","location":"core/com.getmoneytree/-moneytree-link-scope/-investment-transactions-read/index.html","searchKeys":["InvestmentTransactionsRead","InvestmentTransactionsRead(\"investment_transactions_read\")","com.getmoneytree.MoneytreeLinkScope.InvestmentTransactionsRead"]},{"name":"JAPAN()","description":"com.getmoneytree.Region.JAPAN","location":"core/com.getmoneytree/-region/-j-a-p-a-n/index.html","searchKeys":["JAPAN","JAPAN()","com.getmoneytree.Region.JAPAN"]},{"name":"LinkApi(\"jp-api\")","description":"com.getmoneytree.internal.Service.LinkApi","location":"core/com.getmoneytree.internal/-service/-link-api/index.html","searchKeys":["LinkApi","LinkApi(\"jp-api\")","com.getmoneytree.internal.Service.LinkApi"]},{"name":"LinkKit(\"linkkit\")","description":"com.getmoneytree.internal.Service.LinkKit","location":"core/com.getmoneytree.internal/-service/-link-kit/index.html","searchKeys":["LinkKit","LinkKit(\"linkkit\")","com.getmoneytree.internal.Service.LinkKit"]},{"name":"LinkWebSessionFinished()","description":"com.getmoneytree.LinkEvent.LinkWebSessionFinished","location":"core/com.getmoneytree/-link-event/-link-web-session-finished/index.html","searchKeys":["LinkWebSessionFinished","LinkWebSessionFinished()","com.getmoneytree.LinkEvent.LinkWebSessionFinished"]},{"name":"LinkWebSessionStarted()","description":"com.getmoneytree.LinkEvent.LinkWebSessionStarted","location":"core/com.getmoneytree/-link-event/-link-web-session-started/index.html","searchKeys":["LinkWebSessionStarted","LinkWebSessionStarted()","com.getmoneytree.LinkEvent.LinkWebSessionStarted"]},{"name":"LoggedOut()","description":"com.getmoneytree.LinkEvent.LoggedOut","location":"core/com.getmoneytree/-link-event/-logged-out/index.html","searchKeys":["LoggedOut","LoggedOut()","com.getmoneytree.LinkEvent.LoggedOut"]},{"name":"Login(\"login\")","description":"com.getmoneytree.internal.AuthAction.Login","location":"core/com.getmoneytree.internal/-auth-action/-login/index.html","searchKeys":["Login","Login(\"login\")","com.getmoneytree.internal.AuthAction.Login"]},{"name":"MyAccount(\"myaccount\")","description":"com.getmoneytree.internal.Service.MyAccount","location":"core/com.getmoneytree.internal/-service/-my-account/index.html","searchKeys":["MyAccount","MyAccount(\"myaccount\")","com.getmoneytree.internal.Service.MyAccount"]},{"name":"NotificationsRead(\"notifications_read\")","description":"com.getmoneytree.MoneytreeLinkScope.NotificationsRead","location":"core/com.getmoneytree/-moneytree-link-scope/-notifications-read/index.html","searchKeys":["NotificationsRead","NotificationsRead(\"notifications_read\")","com.getmoneytree.MoneytreeLinkScope.NotificationsRead"]},{"name":"PointTransactionsRead(\"point_transactions_read\")","description":"com.getmoneytree.MoneytreeLinkScope.PointTransactionsRead","location":"core/com.getmoneytree/-moneytree-link-scope/-point-transactions-read/index.html","searchKeys":["PointTransactionsRead","PointTransactionsRead(\"point_transactions_read\")","com.getmoneytree.MoneytreeLinkScope.PointTransactionsRead"]},{"name":"PointsRead(\"points_read\")","description":"com.getmoneytree.MoneytreeLinkScope.PointsRead","location":"core/com.getmoneytree/-moneytree-link-scope/-points-read/index.html","searchKeys":["PointsRead","PointsRead(\"points_read\")","com.getmoneytree.MoneytreeLinkScope.PointsRead"]},{"name":"Production()","description":"com.getmoneytree.LinkEnvironment.Production","location":"core/com.getmoneytree/-link-environment/-production/index.html","searchKeys":["Production","Production()","com.getmoneytree.LinkEnvironment.Production"]},{"name":"RequestCancelled()","description":"com.getmoneytree.LinkEvent.RequestCancelled","location":"core/com.getmoneytree/-link-event/-request-cancelled/index.html","searchKeys":["RequestCancelled","RequestCancelled()","com.getmoneytree.LinkEvent.RequestCancelled"]},{"name":"RequestRefresh(\"request_refresh\")","description":"com.getmoneytree.MoneytreeLinkScope.RequestRefresh","location":"core/com.getmoneytree/-moneytree-link-scope/-request-refresh/index.html","searchKeys":["RequestRefresh","RequestRefresh(\"request_refresh\")","com.getmoneytree.MoneytreeLinkScope.RequestRefresh"]},{"name":"SERVER_ERROR(\"Moneytree Link returned an unexpected error response.\")","description":"com.getmoneytree.LinkError.SERVER_ERROR","location":"core/com.getmoneytree/-link-error/-s-e-r-v-e-r_-e-r-r-o-r/index.html","searchKeys":["SERVER_ERROR","SERVER_ERROR(\"Moneytree Link returned an unexpected error response.\")","com.getmoneytree.LinkError.SERVER_ERROR"]},{"name":"SignUp(\"signup\")","description":"com.getmoneytree.internal.AuthAction.SignUp","location":"core/com.getmoneytree.internal/-auth-action/-sign-up/index.html","searchKeys":["SignUp","SignUp(\"signup\")","com.getmoneytree.internal.AuthAction.SignUp"]},{"name":"Staging()","description":"com.getmoneytree.LinkEnvironment.Staging","location":"core/com.getmoneytree/-link-environment/-staging/index.html","searchKeys":["Staging","Staging()","com.getmoneytree.LinkEnvironment.Staging"]},{"name":"TransactionsRead(\"transactions_read\")","description":"com.getmoneytree.MoneytreeLinkScope.TransactionsRead","location":"core/com.getmoneytree/-moneytree-link-scope/-transactions-read/index.html","searchKeys":["TransactionsRead","TransactionsRead(\"transactions_read\")","com.getmoneytree.MoneytreeLinkScope.TransactionsRead"]},{"name":"TransactionsWrite(\"transactions_write\")","description":"com.getmoneytree.MoneytreeLinkScope.TransactionsWrite","location":"core/com.getmoneytree/-moneytree-link-scope/-transactions-write/index.html","searchKeys":["TransactionsWrite","TransactionsWrite(\"transactions_write\")","com.getmoneytree.MoneytreeLinkScope.TransactionsWrite"]},{"name":"UNAUTHORIZED(\"The user has not yet authorized your app to access Moneytree Link on their behalf.\")","description":"com.getmoneytree.LinkError.UNAUTHORIZED","location":"core/com.getmoneytree/-link-error/-u-n-a-u-t-h-o-r-i-z-e-d/index.html","searchKeys":["UNAUTHORIZED","UNAUTHORIZED(\"The user has not yet authorized your app to access Moneytree Link on their behalf.\")","com.getmoneytree.LinkError.UNAUTHORIZED"]},{"name":"UNKNOWN_ERROR(\"Moneytree Link returned an unexpected response.\")","description":"com.getmoneytree.LinkError.UNKNOWN_ERROR","location":"core/com.getmoneytree/-link-error/-u-n-k-n-o-w-n_-e-r-r-o-r/index.html","searchKeys":["UNKNOWN_ERROR","UNKNOWN_ERROR(\"Moneytree Link returned an unexpected response.\")","com.getmoneytree.LinkError.UNKNOWN_ERROR"]},{"name":"Vault(\"vault\")","description":"com.getmoneytree.internal.Service.Vault","location":"core/com.getmoneytree.internal/-service/-vault/index.html","searchKeys":["Vault","Vault(\"vault\")","com.getmoneytree.internal.Service.Vault"]},{"name":"VaultClosed()","description":"com.getmoneytree.LinkEvent.VaultClosed","location":"core/com.getmoneytree/-link-event/-vault-closed/index.html","searchKeys":["VaultClosed","VaultClosed()","com.getmoneytree.LinkEvent.VaultClosed"]},{"name":"VaultOpened()","description":"com.getmoneytree.LinkEvent.VaultOpened","location":"core/com.getmoneytree/-link-event/-vault-opened/index.html","searchKeys":["VaultOpened","VaultOpened()","com.getmoneytree.LinkEvent.VaultOpened"]},{"name":"WebAppLogout()","description":"com.getmoneytree.LinkEvent.WebAppLogout","location":"core/com.getmoneytree/-link-event/-web-app-logout/index.html","searchKeys":["WebAppLogout","WebAppLogout()","com.getmoneytree.LinkEvent.WebAppLogout"]},{"name":"abstract fun create(context: Context, config: MoneytreeLinkConfiguration): MoneytreeLinkModule","description":"com.getmoneytree.module.MoneytreeLinkModule.Factory.create","location":"core/com.getmoneytree.module/-moneytree-link-module/-factory/create.html","searchKeys":["create","abstract fun create(context: Context, config: MoneytreeLinkConfiguration): MoneytreeLinkModule","com.getmoneytree.module.MoneytreeLinkModule.Factory.create"]},{"name":"abstract fun endSession()","description":"com.getmoneytree.listener.ModuleSessionPlugin.endSession","location":"core/com.getmoneytree.listener/-module-session-plugin/end-session.html","searchKeys":["endSession","abstract fun endSession()","com.getmoneytree.listener.ModuleSessionPlugin.endSession"]},{"name":"abstract fun invoke()","description":"com.getmoneytree.MoneytreeLinkExtensions.Lambda.invoke","location":"core/com.getmoneytree/-moneytree-link-extensions/-lambda/invoke.html","searchKeys":["invoke","abstract fun invoke()","com.getmoneytree.MoneytreeLinkExtensions.Lambda.invoke"]},{"name":"abstract fun invoke(event: LinkEvent)","description":"com.getmoneytree.MoneytreeLinkExtensions.LambdaEvent.invoke","location":"core/com.getmoneytree/-moneytree-link-extensions/-lambda-event/invoke.html","searchKeys":["invoke","abstract fun invoke(event: LinkEvent)","com.getmoneytree.MoneytreeLinkExtensions.LambdaEvent.invoke"]},{"name":"abstract fun invoke(exception: MoneytreeLinkException)","description":"com.getmoneytree.MoneytreeLinkExtensions.LambdaError.invoke","location":"core/com.getmoneytree/-moneytree-link-extensions/-lambda-error/invoke.html","searchKeys":["invoke","abstract fun invoke(exception: MoneytreeLinkException)","com.getmoneytree.MoneytreeLinkExtensions.LambdaError.invoke"]},{"name":"abstract fun invoke(token: ClientAccessToken?)","description":"com.getmoneytree.MoneytreeLinkExtensions.LambdaToken.invoke","location":"core/com.getmoneytree/-moneytree-link-extensions/-lambda-token/invoke.html","searchKeys":["invoke","abstract fun invoke(token: ClientAccessToken?)","com.getmoneytree.MoneytreeLinkExtensions.LambdaToken.invoke"]},{"name":"abstract fun newSession(token: String, resourceServer: String)","description":"com.getmoneytree.listener.ModuleSessionPlugin.newSession","location":"core/com.getmoneytree.listener/-module-session-plugin/new-session.html","searchKeys":["newSession","abstract fun newSession(token: String, resourceServer: String)","com.getmoneytree.listener.ModuleSessionPlugin.newSession"]},{"name":"abstract fun onError(error: LinkError)","description":"com.getmoneytree.OnTokenInfoCallback.onError","location":"core/com.getmoneytree/-on-token-info-callback/on-error.html","searchKeys":["onError","abstract fun onError(error: LinkError)","com.getmoneytree.OnTokenInfoCallback.onError"]},{"name":"abstract fun onError(exception: MoneytreeLinkException)","description":"com.getmoneytree.listener.Action.onError","location":"core/com.getmoneytree.listener/-action/on-error.html","searchKeys":["onError","abstract fun onError(exception: MoneytreeLinkException)","com.getmoneytree.listener.Action.onError"]},{"name":"abstract fun onResult(result: LinkResult)","description":"com.getmoneytree.LinkResultListener.onResult","location":"core/com.getmoneytree/-link-result-listener/on-result.html","searchKeys":["onResult","abstract fun onResult(result: LinkResult)","com.getmoneytree.LinkResultListener.onResult"]},{"name":"abstract fun onSuccess()","description":"com.getmoneytree.listener.Action.onSuccess","location":"core/com.getmoneytree.listener/-action/on-success.html","searchKeys":["onSuccess","abstract fun onSuccess()","com.getmoneytree.listener.Action.onSuccess"]},{"name":"abstract fun onSuccess(tokenInfo: TokenInfoResponse)","description":"com.getmoneytree.OnTokenInfoCallback.onSuccess","location":"core/com.getmoneytree/-on-token-info-callback/on-success.html","searchKeys":["onSuccess","abstract fun onSuccess(tokenInfo: TokenInfoResponse)","com.getmoneytree.OnTokenInfoCallback.onSuccess"]},{"name":"abstract fun tokenRequest(code: String): TokenExchangeRequest","description":"com.getmoneytree.internal.PKCE.tokenRequest","location":"core/com.getmoneytree.internal/-p-k-c-e/token-request.html","searchKeys":["tokenRequest","abstract fun tokenRequest(code: String): TokenExchangeRequest","com.getmoneytree.internal.PKCE.tokenRequest"]},{"name":"abstract val codeChallenge: String","description":"com.getmoneytree.internal.PKCE.codeChallenge","location":"core/com.getmoneytree.internal/-p-k-c-e/code-challenge.html","searchKeys":["codeChallenge","abstract val codeChallenge: String","com.getmoneytree.internal.PKCE.codeChallenge"]},{"name":"abstract val plugin: ModuleSessionPlugin","description":"com.getmoneytree.module.MoneytreeLinkModule.plugin","location":"core/com.getmoneytree.module/-moneytree-link-module/plugin.html","searchKeys":["plugin","abstract val plugin: ModuleSessionPlugin","com.getmoneytree.module.MoneytreeLinkModule.plugin"]},{"name":"annotation class OpenClass","description":"com.getmoneytree.internal.OpenClass","location":"core/com.getmoneytree.internal/-open-class/index.html","searchKeys":["OpenClass","annotation class OpenClass","com.getmoneytree.internal.OpenClass"]},{"name":"annotation class OpenForTesting","description":"com.getmoneytree.internal.OpenForTesting","location":"core/com.getmoneytree.internal/[android-jvm]-open-for-testing/index.html","searchKeys":["OpenForTesting","annotation class OpenForTesting","com.getmoneytree.internal.OpenForTesting"]},{"name":"class Authorize","description":"com.getmoneytree.LinkAuthOptions.Authorize","location":"core/com.getmoneytree/-link-auth-options/-authorize/index.html","searchKeys":["Authorize","class Authorize","com.getmoneytree.LinkAuthOptions.Authorize"]},{"name":"class Authorized(token: ClientAccessToken?) : LinkResult","description":"com.getmoneytree.LinkResult.Authorized","location":"core/com.getmoneytree/-link-result/-authorized/index.html","searchKeys":["Authorized","class Authorized(token: ClientAccessToken?) : LinkResult","com.getmoneytree.LinkResult.Authorized"]},{"name":"class Builder","description":"com.getmoneytree.LinkAuthOptions.Builder","location":"core/com.getmoneytree/-link-auth-options/-builder/index.html","searchKeys":["Builder","class Builder","com.getmoneytree.LinkAuthOptions.Builder"]},{"name":"class Builder","description":"com.getmoneytree.LinkRequestContext.Builder","location":"core/com.getmoneytree/-link-request-context/-builder/index.html","searchKeys":["Builder","class Builder","com.getmoneytree.LinkRequestContext.Builder"]},{"name":"class Builder","description":"com.getmoneytree.MoneytreeLinkConfiguration.Builder","location":"core/com.getmoneytree/-moneytree-link-configuration/-builder/index.html","searchKeys":["Builder","class Builder","com.getmoneytree.MoneytreeLinkConfiguration.Builder"]},{"name":"class Builder","description":"com.getmoneytree.VaultOpenServicesOptions.Builder","location":"core/com.getmoneytree/-vault-open-services-options/-builder/index.html","searchKeys":["Builder","class Builder","com.getmoneytree.VaultOpenServicesOptions.Builder"]},{"name":"class CodeGrant(state: String) : LinkAuthFlow","description":"com.getmoneytree.LinkAuthFlow.CodeGrant","location":"core/com.getmoneytree/-link-auth-flow/-code-grant/index.html","searchKeys":["CodeGrant","class CodeGrant(state: String) : LinkAuthFlow","com.getmoneytree.LinkAuthFlow.CodeGrant"]},{"name":"class Creator(options: LinkAuthOptions)","description":"com.getmoneytree.LinkAuthOptions.Creator","location":"core/com.getmoneytree/-link-auth-options/-creator/index.html","searchKeys":["Creator","class Creator(options: LinkAuthOptions)","com.getmoneytree.LinkAuthOptions.Creator"]},{"name":"class Encryption","description":"com.getmoneytree.internal.Encryption","location":"core/com.getmoneytree.internal/-encryption/index.html","searchKeys":["Encryption","class Encryption","com.getmoneytree.internal.Encryption"]},{"name":"class Error(moneytreeLinkException: MoneytreeLinkException) : LinkResult","description":"com.getmoneytree.LinkResult.Error","location":"core/com.getmoneytree/-link-result/-error/index.html","searchKeys":["Error","class Error(moneytreeLinkException: MoneytreeLinkException) : LinkResult","com.getmoneytree.LinkResult.Error"]},{"name":"class Event(event: LinkEvent) : LinkResult","description":"com.getmoneytree.LinkResult.Event","location":"core/com.getmoneytree/-link-result/-event/index.html","searchKeys":["Event","class Event(event: LinkEvent) : LinkResult","com.getmoneytree.LinkResult.Event"]},{"name":"class LinkRequestContext","description":"com.getmoneytree.LinkRequestContext","location":"core/com.getmoneytree/-link-request-context/index.html","searchKeys":["LinkRequestContext","class LinkRequestContext","com.getmoneytree.LinkRequestContext"]},{"name":"class MoneytreeLink","description":"com.getmoneytree.MoneytreeLink","location":"core/com.getmoneytree/-moneytree-link/index.html","searchKeys":["MoneytreeLink","class MoneytreeLink","com.getmoneytree.MoneytreeLink"]},{"name":"class MoneytreeLinkConfiguration : Parcelable","description":"com.getmoneytree.MoneytreeLinkConfiguration","location":"core/com.getmoneytree/-moneytree-link-configuration/index.html","searchKeys":["MoneytreeLinkConfiguration","class MoneytreeLinkConfiguration : Parcelable","com.getmoneytree.MoneytreeLinkConfiguration"]},{"name":"class MoneytreeLinkException constructor(message: String?, cause: Throwable?, error: LinkError) : RuntimeException","description":"com.getmoneytree.MoneytreeLinkException","location":"core/com.getmoneytree/-moneytree-link-exception/index.html","searchKeys":["MoneytreeLinkException","class MoneytreeLinkException constructor(message: String?, cause: Throwable?, error: LinkError) : RuntimeException","com.getmoneytree.MoneytreeLinkException"]},{"name":"class Onboarding","description":"com.getmoneytree.LinkAuthOptions.Onboarding","location":"core/com.getmoneytree/-link-auth-options/-onboarding/index.html","searchKeys":["Onboarding","class Onboarding","com.getmoneytree.LinkAuthOptions.Onboarding"]},{"name":"class Pkce : LinkAuthFlow","description":"com.getmoneytree.LinkAuthFlow.Pkce","location":"core/com.getmoneytree/-link-auth-flow/-pkce/index.html","searchKeys":["Pkce","class Pkce : LinkAuthFlow","com.getmoneytree.LinkAuthFlow.Pkce"]},{"name":"class SecureStore(backend: SharedPreferences) : SharedPreferences","description":"com.getmoneytree.internal.SecureStore","location":"core/com.getmoneytree.internal/-secure-store/index.html","searchKeys":["SecureStore","class SecureStore(backend: SharedPreferences) : SharedPreferences","com.getmoneytree.internal.SecureStore"]},{"name":"class SecureStoreMeta(context: Context)","description":"com.getmoneytree.internal.SecureStoreMeta","location":"core/com.getmoneytree.internal/-secure-store-meta/index.html","searchKeys":["SecureStoreMeta","class SecureStoreMeta(context: Context)","com.getmoneytree.internal.SecureStoreMeta"]},{"name":"class VaultOpenServicesOptions(type: String?, group: String?, search: String?)","description":"com.getmoneytree.VaultOpenServicesOptions","location":"core/com.getmoneytree/-vault-open-services-options/index.html","searchKeys":["VaultOpenServicesOptions","class VaultOpenServicesOptions(type: String?, group: String?, search: String?)","com.getmoneytree.VaultOpenServicesOptions"]},{"name":"class VaultResource(configuration: MoneytreeLinkConfiguration, path: String?, openServicesOptions: VaultOpenServicesOptions?, extraParams: List<Pair<String, String>>)","description":"com.getmoneytree.internal.VaultResource","location":"core/com.getmoneytree.internal/-vault-resource/index.html","searchKeys":["VaultResource","class VaultResource(configuration: MoneytreeLinkConfiguration, path: String?, openServicesOptions: VaultOpenServicesOptions?, extraParams: List<Pair<String, String>>)","com.getmoneytree.internal.VaultResource"]},{"name":"const val CRYPTO_PREF_NAME: String","description":"com.getmoneytree.internal.CRYPTO_PREF_NAME","location":"core/com.getmoneytree.internal/-c-r-y-p-t-o_-p-r-e-f_-n-a-m-e.html","searchKeys":["CRYPTO_PREF_NAME","const val CRYPTO_PREF_NAME: String","com.getmoneytree.internal.CRYPTO_PREF_NAME"]},{"name":"const val DEPRECATED_PREF_NAME: String","description":"com.getmoneytree.internal.DEPRECATED_PREF_NAME","location":"core/com.getmoneytree.internal/-d-e-p-r-e-c-a-t-e-d_-p-r-e-f_-n-a-m-e.html","searchKeys":["DEPRECATED_PREF_NAME","const val DEPRECATED_PREF_NAME: String","com.getmoneytree.internal.DEPRECATED_PREF_NAME"]},{"name":"const val LINK_CORE_PREF_NAME: String","description":"com.getmoneytree.internal.LINK_CORE_PREF_NAME","location":"core/com.getmoneytree.internal/-l-i-n-k_-c-o-r-e_-p-r-e-f_-n-a-m-e.html","searchKeys":["LINK_CORE_PREF_NAME","const val LINK_CORE_PREF_NAME: String","com.getmoneytree.internal.LINK_CORE_PREF_NAME"]},{"name":"const val ML_DESTINATION_AUTHORIZED_APPS: String","description":"com.getmoneytree.MoneytreeLink.Companion.ML_DESTINATION_AUTHORIZED_APPS","location":"core/com.getmoneytree/-moneytree-link/-companion/-m-l_-d-e-s-t-i-n-a-t-i-o-n_-a-u-t-h-o-r-i-z-e-d_-a-p-p-s.html","searchKeys":["ML_DESTINATION_AUTHORIZED_APPS","const val ML_DESTINATION_AUTHORIZED_APPS: String","com.getmoneytree.MoneytreeLink.Companion.ML_DESTINATION_AUTHORIZED_APPS"]},{"name":"const val ML_DESTINATION_DELETE_ACCOUNT: String","description":"com.getmoneytree.MoneytreeLink.Companion.ML_DESTINATION_DELETE_ACCOUNT","location":"core/com.getmoneytree/-moneytree-link/-companion/-m-l_-d-e-s-t-i-n-a-t-i-o-n_-d-e-l-e-t-e_-a-c-c-o-u-n-t.html","searchKeys":["ML_DESTINATION_DELETE_ACCOUNT","const val ML_DESTINATION_DELETE_ACCOUNT: String","com.getmoneytree.MoneytreeLink.Companion.ML_DESTINATION_DELETE_ACCOUNT"]},{"name":"const val ML_DESTINATION_EMAIL_PREFERENCES: String","description":"com.getmoneytree.MoneytreeLink.Companion.ML_DESTINATION_EMAIL_PREFERENCES","location":"core/com.getmoneytree/-moneytree-link/-companion/-m-l_-d-e-s-t-i-n-a-t-i-o-n_-e-m-a-i-l_-p-r-e-f-e-r-e-n-c-e-s.html","searchKeys":["ML_DESTINATION_EMAIL_PREFERENCES","const val ML_DESTINATION_EMAIL_PREFERENCES: String","com.getmoneytree.MoneytreeLink.Companion.ML_DESTINATION_EMAIL_PREFERENCES"]},{"name":"const val ML_DESTINATION_LANGUAGE: String","description":"com.getmoneytree.MoneytreeLink.Companion.ML_DESTINATION_LANGUAGE","location":"core/com.getmoneytree/-moneytree-link/-companion/-m-l_-d-e-s-t-i-n-a-t-i-o-n_-l-a-n-g-u-a-g-e.html","searchKeys":["ML_DESTINATION_LANGUAGE","const val ML_DESTINATION_LANGUAGE: String","com.getmoneytree.MoneytreeLink.Companion.ML_DESTINATION_LANGUAGE"]},{"name":"const val ML_DESTINATION_SETTINGS: String","description":"com.getmoneytree.MoneytreeLink.Companion.ML_DESTINATION_SETTINGS","location":"core/com.getmoneytree/-moneytree-link/-companion/-m-l_-d-e-s-t-i-n-a-t-i-o-n_-s-e-t-t-i-n-g-s.html","searchKeys":["ML_DESTINATION_SETTINGS","const val ML_DESTINATION_SETTINGS: String","com.getmoneytree.MoneytreeLink.Companion.ML_DESTINATION_SETTINGS"]},{"name":"const val ML_DESTINATION_UPDATE_EMAIL: String","description":"com.getmoneytree.MoneytreeLink.Companion.ML_DESTINATION_UPDATE_EMAIL","location":"core/com.getmoneytree/-moneytree-link/-companion/-m-l_-d-e-s-t-i-n-a-t-i-o-n_-u-p-d-a-t-e_-e-m-a-i-l.html","searchKeys":["ML_DESTINATION_UPDATE_EMAIL","const val ML_DESTINATION_UPDATE_EMAIL: String","com.getmoneytree.MoneytreeLink.Companion.ML_DESTINATION_UPDATE_EMAIL"]},{"name":"const val ML_DESTINATION_UPDATE_PASSWORD: String","description":"com.getmoneytree.MoneytreeLink.Companion.ML_DESTINATION_UPDATE_PASSWORD","location":"core/com.getmoneytree/-moneytree-link/-companion/-m-l_-d-e-s-t-i-n-a-t-i-o-n_-u-p-d-a-t-e_-p-a-s-s-w-o-r-d.html","searchKeys":["ML_DESTINATION_UPDATE_PASSWORD","const val ML_DESTINATION_UPDATE_PASSWORD: String","com.getmoneytree.MoneytreeLink.Companion.ML_DESTINATION_UPDATE_PASSWORD"]},{"name":"const val PREF_KEY_LINK_KIT_SESSION_RUNNING: String","description":"com.getmoneytree.internal.PREF_KEY_LINK_KIT_SESSION_RUNNING","location":"core/com.getmoneytree.internal/-p-r-e-f_-k-e-y_-l-i-n-k_-k-i-t_-s-e-s-s-i-o-n_-r-u-n-n-i-n-g.html","searchKeys":["PREF_KEY_LINK_KIT_SESSION_RUNNING","const val PREF_KEY_LINK_KIT_SESSION_RUNNING: String","com.getmoneytree.internal.PREF_KEY_LINK_KIT_SESSION_RUNNING"]},{"name":"const val STAGING_LINK_ENVIRONMENT_SUFFIX: String","description":"com.getmoneytree.internal.STAGING_LINK_ENVIRONMENT_SUFFIX","location":"core/com.getmoneytree.internal/-s-t-a-g-i-n-g_-l-i-n-k_-e-n-v-i-r-o-n-m-e-n-t_-s-u-f-f-i-x.html","searchKeys":["STAGING_LINK_ENVIRONMENT_SUFFIX","const val STAGING_LINK_ENVIRONMENT_SUFFIX: String","com.getmoneytree.internal.STAGING_LINK_ENVIRONMENT_SUFFIX"]},{"name":"const val VAULT_SERVICE: String","description":"com.getmoneytree.MoneytreeLink.Companion.VAULT_SERVICE","location":"core/com.getmoneytree/-moneytree-link/-companion/-v-a-u-l-t_-s-e-r-v-i-c-e.html","searchKeys":["VAULT_SERVICE","const val VAULT_SERVICE: String","com.getmoneytree.MoneytreeLink.Companion.VAULT_SERVICE"]},{"name":"const val VAULT_SERVICE_SETTINGS: String","description":"com.getmoneytree.MoneytreeLink.Companion.VAULT_SERVICE_SETTINGS","location":"core/com.getmoneytree/-moneytree-link/-companion/-v-a-u-l-t_-s-e-r-v-i-c-e_-s-e-t-t-i-n-g-s.html","searchKeys":["VAULT_SERVICE_SETTINGS","const val VAULT_SERVICE_SETTINGS: String","com.getmoneytree.MoneytreeLink.Companion.VAULT_SERVICE_SETTINGS"]},{"name":"const val VAULT_SUPPORT: String","description":"com.getmoneytree.MoneytreeLink.Companion.VAULT_SUPPORT","location":"core/com.getmoneytree/-moneytree-link/-companion/-v-a-u-l-t_-s-u-p-p-o-r-t.html","searchKeys":["VAULT_SUPPORT","const val VAULT_SUPPORT: String","com.getmoneytree.MoneytreeLink.Companion.VAULT_SUPPORT"]},{"name":"data class ClientAccessToken(accessToken: String, refreshToken: String, createdAt: Long, expiresIn: Long, resourceServer: String)","description":"com.getmoneytree.ClientAccessToken","location":"core/com.getmoneytree/-client-access-token/index.html","searchKeys":["ClientAccessToken","data class ClientAccessToken(accessToken: String, refreshToken: String, createdAt: Long, expiresIn: Long, resourceServer: String)","com.getmoneytree.ClientAccessToken"]},{"name":"data class DeviceRegisterRequest(deviceToken: String, deviceType: String)","description":"com.getmoneytree.internal.model.DeviceRegisterRequest","location":"core/com.getmoneytree.internal.model/-device-register-request/index.html","searchKeys":["DeviceRegisterRequest","data class DeviceRegisterRequest(deviceToken: String, deviceType: String)","com.getmoneytree.internal.model.DeviceRegisterRequest"]},{"name":"data class DeviceUnregisterRequest(deviceToken: String)","description":"com.getmoneytree.internal.model.DeviceUnregisterRequest","location":"core/com.getmoneytree.internal.model/-device-unregister-request/index.html","searchKeys":["DeviceUnregisterRequest","data class DeviceUnregisterRequest(deviceToken: String)","com.getmoneytree.internal.model.DeviceUnregisterRequest"]},{"name":"data class LinkAuthOptions","description":"com.getmoneytree.LinkAuthOptions","location":"core/com.getmoneytree/-link-auth-options/index.html","searchKeys":["LinkAuthOptions","data class LinkAuthOptions","com.getmoneytree.LinkAuthOptions"]},{"name":"data class MagicLinkRequest(clientId: String, email: String, magicLinkTo: String, state: String, configs: String)","description":"com.getmoneytree.internal.model.MagicLinkRequest","location":"core/com.getmoneytree.internal.model/-magic-link-request/index.html","searchKeys":["MagicLinkRequest","data class MagicLinkRequest(clientId: String, email: String, magicLinkTo: String, state: String, configs: String)","com.getmoneytree.internal.model.MagicLinkRequest"]},{"name":"data class TokenExchangeRequest(clientId: String, code: String, codeVerifier: String, redirectUri: String, grantType: String, codeChallengeMethod: String)","description":"com.getmoneytree.internal.model.TokenExchangeRequest","location":"core/com.getmoneytree.internal.model/-token-exchange-request/index.html","searchKeys":["TokenExchangeRequest","data class TokenExchangeRequest(clientId: String, code: String, codeVerifier: String, redirectUri: String, grantType: String, codeChallengeMethod: String)","com.getmoneytree.internal.model.TokenExchangeRequest"]},{"name":"data class TokenInfoResponse(country: String, resourceServer: String, scopes: List<String>)","description":"com.getmoneytree.internal.model.TokenInfoResponse","location":"core/com.getmoneytree.internal.model/-token-info-response/index.html","searchKeys":["TokenInfoResponse","data class TokenInfoResponse(country: String, resourceServer: String, scopes: List<String>)","com.getmoneytree.internal.model.TokenInfoResponse"]},{"name":"data class TokenRefreshRequest(clientId: String, refreshToken: String, grantType: String)","description":"com.getmoneytree.internal.model.TokenRefreshRequest","location":"core/com.getmoneytree.internal.model/-token-refresh-request/index.html","searchKeys":["TokenRefreshRequest","data class TokenRefreshRequest(clientId: String, refreshToken: String, grantType: String)","com.getmoneytree.internal.model.TokenRefreshRequest"]},{"name":"enum AuthAction : Enum<AuthAction> ","description":"com.getmoneytree.internal.AuthAction","location":"core/com.getmoneytree.internal/-auth-action/index.html","searchKeys":["AuthAction","enum AuthAction : Enum<AuthAction> ","com.getmoneytree.internal.AuthAction"]},{"name":"enum LinkEnvironment : Enum<LinkEnvironment> ","description":"com.getmoneytree.LinkEnvironment","location":"core/com.getmoneytree/-link-environment/index.html","searchKeys":["LinkEnvironment","enum LinkEnvironment : Enum<LinkEnvironment> ","com.getmoneytree.LinkEnvironment"]},{"name":"enum LinkError : Enum<LinkError> ","description":"com.getmoneytree.LinkError","location":"core/com.getmoneytree/-link-error/index.html","searchKeys":["LinkError","enum LinkError : Enum<LinkError> ","com.getmoneytree.LinkError"]},{"name":"enum LinkEvent : Enum<LinkEvent> ","description":"com.getmoneytree.LinkEvent","location":"core/com.getmoneytree/-link-event/index.html","searchKeys":["LinkEvent","enum LinkEvent : Enum<LinkEvent> ","com.getmoneytree.LinkEvent"]},{"name":"enum MoneytreeLinkScope : Enum<MoneytreeLinkScope> ","description":"com.getmoneytree.MoneytreeLinkScope","location":"core/com.getmoneytree/-moneytree-link-scope/index.html","searchKeys":["MoneytreeLinkScope","enum MoneytreeLinkScope : Enum<MoneytreeLinkScope> ","com.getmoneytree.MoneytreeLinkScope"]},{"name":"enum Region : Enum<Region> ","description":"com.getmoneytree.Region","location":"core/com.getmoneytree/-region/index.html","searchKeys":["Region","enum Region : Enum<Region> ","com.getmoneytree.Region"]},{"name":"enum Service : Enum<Service> ","description":"com.getmoneytree.internal.Service","location":"core/com.getmoneytree.internal/-service/index.html","searchKeys":["Service","enum Service : Enum<Service> ","com.getmoneytree.internal.Service"]},{"name":"fun <T : MoneytreeLinkModule?> getModule(clazz: Class<T>): T?","description":"com.getmoneytree.MoneytreeLink.getModule","location":"core/com.getmoneytree/-moneytree-link/get-module.html","searchKeys":["getModule","fun <T : MoneytreeLinkModule?> getModule(clazz: Class<T>): T?","com.getmoneytree.MoneytreeLink.getModule"]},{"name":"fun Authorized(token: ClientAccessToken?)","description":"com.getmoneytree.LinkResult.Authorized.Authorized","location":"core/com.getmoneytree/-link-result/-authorized/-authorized.html","searchKeys":["Authorized","fun Authorized(token: ClientAccessToken?)","com.getmoneytree.LinkResult.Authorized.Authorized"]},{"name":"fun Builder()","description":"com.getmoneytree.LinkRequestContext.Builder.Builder","location":"core/com.getmoneytree/-link-request-context/-builder/-builder.html","searchKeys":["Builder","fun Builder()","com.getmoneytree.LinkRequestContext.Builder.Builder"]},{"name":"fun Builder()","description":"com.getmoneytree.MoneytreeLinkConfiguration.Builder.Builder","location":"core/com.getmoneytree/-moneytree-link-configuration/-builder/-builder.html","searchKeys":["Builder","fun Builder()","com.getmoneytree.MoneytreeLinkConfiguration.Builder.Builder"]},{"name":"fun Builder()","description":"com.getmoneytree.VaultOpenServicesOptions.Builder.Builder","location":"core/com.getmoneytree/-vault-open-services-options/-builder/-builder.html","searchKeys":["Builder","fun Builder()","com.getmoneytree.VaultOpenServicesOptions.Builder.Builder"]},{"name":"fun ClientAccessToken(accessToken: String, refreshToken: String, createdAt: Long, expiresIn: Long, resourceServer: String)","description":"com.getmoneytree.ClientAccessToken.ClientAccessToken","location":"core/com.getmoneytree/-client-access-token/-client-access-token.html","searchKeys":["ClientAccessToken","fun ClientAccessToken(accessToken: String, refreshToken: String, createdAt: Long, expiresIn: Long, resourceServer: String)","com.getmoneytree.ClientAccessToken.ClientAccessToken"]},{"name":"fun CodeGrant(state: String)","description":"com.getmoneytree.LinkAuthFlow.CodeGrant.CodeGrant","location":"core/com.getmoneytree/-link-auth-flow/-code-grant/-code-grant.html","searchKeys":["CodeGrant","fun CodeGrant(state: String)","com.getmoneytree.LinkAuthFlow.CodeGrant.CodeGrant"]},{"name":"fun Creator(options: LinkAuthOptions)","description":"com.getmoneytree.LinkAuthOptions.Creator.Creator","location":"core/com.getmoneytree/-link-auth-options/-creator/-creator.html","searchKeys":["Creator","fun Creator(options: LinkAuthOptions)","com.getmoneytree.LinkAuthOptions.Creator.Creator"]},{"name":"fun DeviceRegisterRequest(deviceToken: String, deviceType: String = DEVICE_TYPE_GCM)","description":"com.getmoneytree.internal.model.DeviceRegisterRequest.DeviceRegisterRequest","location":"core/com.getmoneytree.internal.model/-device-register-request/-device-register-request.html","searchKeys":["DeviceRegisterRequest","fun DeviceRegisterRequest(deviceToken: String, deviceType: String = DEVICE_TYPE_GCM)","com.getmoneytree.internal.model.DeviceRegisterRequest.DeviceRegisterRequest"]},{"name":"fun DeviceUnregisterRequest(deviceToken: String)","description":"com.getmoneytree.internal.model.DeviceUnregisterRequest.DeviceUnregisterRequest","location":"core/com.getmoneytree.internal.model/-device-unregister-request/-device-unregister-request.html","searchKeys":["DeviceUnregisterRequest","fun DeviceUnregisterRequest(deviceToken: String)","com.getmoneytree.internal.model.DeviceUnregisterRequest.DeviceUnregisterRequest"]},{"name":"fun Encryption(packageName: String, uniqueId: String)","description":"com.getmoneytree.internal.Encryption.Encryption","location":"core/com.getmoneytree.internal/-encryption/-encryption.html","searchKeys":["Encryption","fun Encryption(packageName: String, uniqueId: String)","com.getmoneytree.internal.Encryption.Encryption"]},{"name":"fun Encryption(provider: String, privateKey: ByteArray)","description":"com.getmoneytree.internal.Encryption.Encryption","location":"core/com.getmoneytree.internal/-encryption/-encryption.html","searchKeys":["Encryption","fun Encryption(provider: String, privateKey: ByteArray)","com.getmoneytree.internal.Encryption.Encryption"]},{"name":"fun Error(moneytreeLinkException: MoneytreeLinkException)","description":"com.getmoneytree.LinkResult.Error.Error","location":"core/com.getmoneytree/-link-result/-error/-error.html","searchKeys":["Error","fun Error(moneytreeLinkException: MoneytreeLinkException)","com.getmoneytree.LinkResult.Error.Error"]},{"name":"fun Event(event: LinkEvent)","description":"com.getmoneytree.LinkResult.Event.Event","location":"core/com.getmoneytree/-link-result/-event/-event.html","searchKeys":["Event","fun Event(event: LinkEvent)","com.getmoneytree.LinkResult.Event.Event"]},{"name":"fun LinkError.toException(cause: Throwable? = null): MoneytreeLinkException","description":"com.getmoneytree.MoneytreeLinkException.Companion.toException","location":"core/com.getmoneytree/-moneytree-link-exception/-companion/to-exception.html","searchKeys":["toException","fun LinkError.toException(cause: Throwable? = null): MoneytreeLinkException","com.getmoneytree.MoneytreeLinkException.Companion.toException"]},{"name":"fun MagicLinkRequest(clientId: String, email: String, magicLinkTo: String, state: String, configs: String)","description":"com.getmoneytree.internal.model.MagicLinkRequest.MagicLinkRequest","location":"core/com.getmoneytree.internal.model/-magic-link-request/-magic-link-request.html","searchKeys":["MagicLinkRequest","fun MagicLinkRequest(clientId: String, email: String, magicLinkTo: String, state: String, configs: String)","com.getmoneytree.internal.model.MagicLinkRequest.MagicLinkRequest"]},{"name":"fun MoneytreeLink.onAuthorized(lifecycleOwner: LifecycleOwner, body: MoneytreeLinkExtensions.LambdaToken)","description":"com.getmoneytree.MoneytreeLinkExtensions.onAuthorized","location":"core/com.getmoneytree/-moneytree-link-extensions/on-authorized.html","searchKeys":["onAuthorized","fun MoneytreeLink.onAuthorized(lifecycleOwner: LifecycleOwner, body: MoneytreeLinkExtensions.LambdaToken)","com.getmoneytree.MoneytreeLinkExtensions.onAuthorized"]},{"name":"fun MoneytreeLink.onError(lifecycleOwner: LifecycleOwner, body: MoneytreeLinkExtensions.LambdaError)","description":"com.getmoneytree.MoneytreeLinkExtensions.onError","location":"core/com.getmoneytree/-moneytree-link-extensions/on-error.html","searchKeys":["onError","fun MoneytreeLink.onError(lifecycleOwner: LifecycleOwner, body: MoneytreeLinkExtensions.LambdaError)","com.getmoneytree.MoneytreeLinkExtensions.onError"]},{"name":"fun MoneytreeLink.onEvent(lifecycleOwner: LifecycleOwner, body: MoneytreeLinkExtensions.LambdaEvent)","description":"com.getmoneytree.MoneytreeLinkExtensions.onEvent","location":"core/com.getmoneytree/-moneytree-link-extensions/on-event.html","searchKeys":["onEvent","fun MoneytreeLink.onEvent(lifecycleOwner: LifecycleOwner, body: MoneytreeLinkExtensions.LambdaEvent)","com.getmoneytree.MoneytreeLinkExtensions.onEvent"]},{"name":"fun MoneytreeLink.onLoggedOut(lifecycleOwner: LifecycleOwner, body: MoneytreeLinkExtensions.Lambda)","description":"com.getmoneytree.MoneytreeLinkExtensions.onLoggedOut","location":"core/com.getmoneytree/-moneytree-link-extensions/on-logged-out.html","searchKeys":["onLoggedOut","fun MoneytreeLink.onLoggedOut(lifecycleOwner: LifecycleOwner, body: MoneytreeLinkExtensions.Lambda)","com.getmoneytree.MoneytreeLinkExtensions.onLoggedOut"]},{"name":"fun MoneytreeLinkException(message: String? = null, cause: Throwable? = null, error: LinkError)","description":"com.getmoneytree.MoneytreeLinkException.MoneytreeLinkException","location":"core/com.getmoneytree/-moneytree-link-exception/-moneytree-link-exception.html","searchKeys":["MoneytreeLinkException","fun MoneytreeLinkException(message: String? = null, cause: Throwable? = null, error: LinkError)","com.getmoneytree.MoneytreeLinkException.MoneytreeLinkException"]},{"name":"fun OpenClass()","description":"com.getmoneytree.internal.OpenClass.OpenClass","location":"core/com.getmoneytree.internal/-open-class/-open-class.html","searchKeys":["OpenClass","fun OpenClass()","com.getmoneytree.internal.OpenClass.OpenClass"]},{"name":"fun OpenForTesting()","description":"com.getmoneytree.internal.OpenForTesting.OpenForTesting","location":"core/com.getmoneytree.internal/[android-jvm]-open-for-testing/-open-for-testing.html","searchKeys":["OpenForTesting","fun OpenForTesting()","com.getmoneytree.internal.OpenForTesting.OpenForTesting"]},{"name":"fun SecureStore(backend: SharedPreferences)","description":"com.getmoneytree.internal.SecureStore.SecureStore","location":"core/com.getmoneytree.internal/-secure-store/-secure-store.html","searchKeys":["SecureStore","fun SecureStore(backend: SharedPreferences)","com.getmoneytree.internal.SecureStore.SecureStore"]},{"name":"fun SecureStoreMeta(context: Context)","description":"com.getmoneytree.internal.SecureStoreMeta.SecureStoreMeta","location":"core/com.getmoneytree.internal/-secure-store-meta/-secure-store-meta.html","searchKeys":["SecureStoreMeta","fun SecureStoreMeta(context: Context)","com.getmoneytree.internal.SecureStoreMeta.SecureStoreMeta"]},{"name":"fun TokenExchangeRequest(clientId: String, code: String, codeVerifier: String, redirectUri: String, grantType: String = GRANT_TYPE_AUTHORIZATION_CODE, codeChallengeMethod: String = CODE_CHALLENGE_METHOD_S256)","description":"com.getmoneytree.internal.model.TokenExchangeRequest.TokenExchangeRequest","location":"core/com.getmoneytree.internal.model/-token-exchange-request/-token-exchange-request.html","searchKeys":["TokenExchangeRequest","fun TokenExchangeRequest(clientId: String, code: String, codeVerifier: String, redirectUri: String, grantType: String = GRANT_TYPE_AUTHORIZATION_CODE, codeChallengeMethod: String = CODE_CHALLENGE_METHOD_S256)","com.getmoneytree.internal.model.TokenExchangeRequest.TokenExchangeRequest"]},{"name":"fun TokenInfoResponse(country: String, resourceServer: String, scopes: List<String>)","description":"com.getmoneytree.internal.model.TokenInfoResponse.TokenInfoResponse","location":"core/com.getmoneytree.internal.model/-token-info-response/-token-info-response.html","searchKeys":["TokenInfoResponse","fun TokenInfoResponse(country: String, resourceServer: String, scopes: List<String>)","com.getmoneytree.internal.model.TokenInfoResponse.TokenInfoResponse"]},{"name":"fun TokenRefreshRequest(clientId: String, refreshToken: String, grantType: String = GRANT_TYPE_REFRESH)","description":"com.getmoneytree.internal.model.TokenRefreshRequest.TokenRefreshRequest","location":"core/com.getmoneytree.internal.model/-token-refresh-request/-token-refresh-request.html","searchKeys":["TokenRefreshRequest","fun TokenRefreshRequest(clientId: String, refreshToken: String, grantType: String = GRANT_TYPE_REFRESH)","com.getmoneytree.internal.model.TokenRefreshRequest.TokenRefreshRequest"]},{"name":"fun Uri.Builder.appendConfigs(configuration: MoneytreeLinkConfiguration, authAction: AuthAction = AuthAction.SignUp, showAuthToggle: Boolean? = null, showRememberMe: Boolean = false, email: String? = null, forceLogout: Boolean = false, requireEncoding: Boolean = true): Uri.Builder","description":"com.getmoneytree.internal.appendConfigs","location":"core/com.getmoneytree.internal/append-configs.html","searchKeys":["appendConfigs","fun Uri.Builder.appendConfigs(configuration: MoneytreeLinkConfiguration, authAction: AuthAction = AuthAction.SignUp, showAuthToggle: Boolean? = null, showRememberMe: Boolean = false, email: String? = null, forceLogout: Boolean = false, requireEncoding: Boolean = true): Uri.Builder","com.getmoneytree.internal.appendConfigs"]},{"name":"fun Uri.normalize(): Uri","description":"com.getmoneytree.internal.normalize","location":"core/com.getmoneytree.internal/normalize.html","searchKeys":["normalize","fun Uri.normalize(): Uri","com.getmoneytree.internal.normalize"]},{"name":"fun VaultOpenServicesOptions(type: String?, group: String?, search: String?)","description":"com.getmoneytree.VaultOpenServicesOptions.VaultOpenServicesOptions","location":"core/com.getmoneytree/-vault-open-services-options/-vault-open-services-options.html","searchKeys":["VaultOpenServicesOptions","fun VaultOpenServicesOptions(type: String?, group: String?, search: String?)","com.getmoneytree.VaultOpenServicesOptions.VaultOpenServicesOptions"]},{"name":"fun VaultResource(configuration: MoneytreeLinkConfiguration, path: String? = null, openServicesOptions: VaultOpenServicesOptions? = null, extraParams: List<Pair<String, String>> = emptyList())","description":"com.getmoneytree.internal.VaultResource.VaultResource","location":"core/com.getmoneytree.internal/-vault-resource/-vault-resource.html","searchKeys":["VaultResource","fun VaultResource(configuration: MoneytreeLinkConfiguration, path: String? = null, openServicesOptions: VaultOpenServicesOptions? = null, extraParams: List<Pair<String, String>> = emptyList())","com.getmoneytree.internal.VaultResource.VaultResource"]},{"name":"fun addOnLinkResult(lifecycleOwner: LifecycleOwner, onLinkResult: LinkResultListener)","description":"com.getmoneytree.MoneytreeLink.addOnLinkResult","location":"core/com.getmoneytree/-moneytree-link/add-on-link-result.html","searchKeys":["addOnLinkResult","fun addOnLinkResult(lifecycleOwner: LifecycleOwner, onLinkResult: LinkResultListener)","com.getmoneytree.MoneytreeLink.addOnLinkResult"]},{"name":"fun auth(authFlow: LinkAuthFlow): LinkAuthOptions.Builder","description":"com.getmoneytree.LinkAuthOptions.Builder.auth","location":"core/com.getmoneytree/-link-auth-options/-builder/auth.html","searchKeys":["auth","fun auth(authFlow: LinkAuthFlow): LinkAuthOptions.Builder","com.getmoneytree.LinkAuthOptions.Builder.auth"]},{"name":"fun authority(environment: LinkEnvironment): String","description":"com.getmoneytree.internal.Service.authority","location":"core/com.getmoneytree.internal/-service/authority.html","searchKeys":["authority","fun authority(environment: LinkEnvironment): String","com.getmoneytree.internal.Service.authority"]},{"name":"fun authorize(activity: Activity, config: LinkAuthOptions.Authorize)","description":"com.getmoneytree.MoneytreeLink.authorize","location":"core/com.getmoneytree/-moneytree-link/authorize.html","searchKeys":["authorize","fun authorize(activity: Activity, config: LinkAuthOptions.Authorize)","com.getmoneytree.MoneytreeLink.authorize"]},{"name":"fun build(): LinkRequestContext","description":"com.getmoneytree.LinkRequestContext.Builder.build","location":"core/com.getmoneytree/-link-request-context/-builder/build.html","searchKeys":["build","fun build(): LinkRequestContext","com.getmoneytree.LinkRequestContext.Builder.build"]},{"name":"fun build(): MoneytreeLinkConfiguration","description":"com.getmoneytree.MoneytreeLinkConfiguration.Builder.build","location":"core/com.getmoneytree/-moneytree-link-configuration/-builder/build.html","searchKeys":["build","fun build(): MoneytreeLinkConfiguration","com.getmoneytree.MoneytreeLinkConfiguration.Builder.build"]},{"name":"fun build(): VaultOpenServicesOptions","description":"com.getmoneytree.VaultOpenServicesOptions.Builder.build","location":"core/com.getmoneytree/-vault-open-services-options/-builder/build.html","searchKeys":["build","fun build(): VaultOpenServicesOptions","com.getmoneytree.VaultOpenServicesOptions.Builder.build"]},{"name":"fun buildAuthorize(email: String? = null): LinkAuthOptions.Authorize","description":"com.getmoneytree.LinkAuthOptions.Builder.buildAuthorize","location":"core/com.getmoneytree/-link-auth-options/-builder/build-authorize.html","searchKeys":["buildAuthorize","fun buildAuthorize(email: String? = null): LinkAuthOptions.Authorize","com.getmoneytree.LinkAuthOptions.Builder.buildAuthorize"]},{"name":"fun buildAuthorize(email: String? = null): LinkAuthOptions.Authorize","description":"com.getmoneytree.LinkAuthOptions.Creator.buildAuthorize","location":"core/com.getmoneytree/-link-auth-options/-creator/build-authorize.html","searchKeys":["buildAuthorize","fun buildAuthorize(email: String? = null): LinkAuthOptions.Authorize","com.getmoneytree.LinkAuthOptions.Creator.buildAuthorize"]},{"name":"fun buildOnboarding(email: String): LinkAuthOptions.Onboarding","description":"com.getmoneytree.LinkAuthOptions.Builder.buildOnboarding","location":"core/com.getmoneytree/-link-auth-options/-builder/build-onboarding.html","searchKeys":["buildOnboarding","fun buildOnboarding(email: String): LinkAuthOptions.Onboarding","com.getmoneytree.LinkAuthOptions.Builder.buildOnboarding"]},{"name":"fun buildOnboarding(email: String): LinkAuthOptions.Onboarding","description":"com.getmoneytree.LinkAuthOptions.Creator.buildOnboarding","location":"core/com.getmoneytree/-link-auth-options/-creator/build-onboarding.html","searchKeys":["buildOnboarding","fun buildOnboarding(email: String): LinkAuthOptions.Onboarding","com.getmoneytree.LinkAuthOptions.Creator.buildOnboarding"]},{"name":"fun builder(): LinkAuthOptions.Builder","description":"com.getmoneytree.LinkAuthOptions.Companion.builder","location":"core/com.getmoneytree/-link-auth-options/-companion/builder.html","searchKeys":["builder","fun builder(): LinkAuthOptions.Builder","com.getmoneytree.LinkAuthOptions.Companion.builder"]},{"name":"fun builder(): LinkRequestContext.Builder","description":"com.getmoneytree.LinkRequestContext.Companion.builder","location":"core/com.getmoneytree/-link-request-context/-companion/builder.html","searchKeys":["builder","fun builder(): LinkRequestContext.Builder","com.getmoneytree.LinkRequestContext.Companion.builder"]},{"name":"fun clientId(clientId: String): MoneytreeLinkConfiguration.Builder","description":"com.getmoneytree.MoneytreeLinkConfiguration.Builder.clientId","location":"core/com.getmoneytree/-moneytree-link-configuration/-builder/client-id.html","searchKeys":["clientId","fun clientId(clientId: String): MoneytreeLinkConfiguration.Builder","com.getmoneytree.MoneytreeLinkConfiguration.Builder.clientId"]},{"name":"fun consumeLoginLink(activity: AppCompatActivity, uri: Uri, listener: Action? = null)","description":"com.getmoneytree.MoneytreeLink.consumeLoginLink","location":"core/com.getmoneytree/-moneytree-link/consume-login-link.html","searchKeys":["consumeLoginLink","fun consumeLoginLink(activity: AppCompatActivity, uri: Uri, listener: Action? = null)","com.getmoneytree.MoneytreeLink.consumeLoginLink"]},{"name":"fun consumeMagicLink(activity: AppCompatActivity, uri: Uri, listener: Action? = null)","description":"com.getmoneytree.MoneytreeLink.consumeMagicLink","location":"core/com.getmoneytree/-moneytree-link/consume-magic-link.html","searchKeys":["consumeMagicLink","fun consumeMagicLink(activity: AppCompatActivity, uri: Uri, listener: Action? = null)","com.getmoneytree.MoneytreeLink.consumeMagicLink"]},{"name":"fun create(): LinkAuthFlow.Pkce","description":"com.getmoneytree.LinkAuthFlow.Pkce.Companion.create","location":"core/com.getmoneytree/-link-auth-flow/-pkce/-companion/create.html","searchKeys":["create","fun create(): LinkAuthFlow.Pkce","com.getmoneytree.LinkAuthFlow.Pkce.Companion.create"]},{"name":"fun create(authFlow: LinkAuthFlow, region: Region = Region.JAPAN, presentSignup: Boolean = false, forceLogout: Boolean = false): LinkAuthOptions.Creator","description":"com.getmoneytree.LinkAuthOptions.Companion.create","location":"core/com.getmoneytree/-link-auth-options/-companion/create.html","searchKeys":["create","fun create(authFlow: LinkAuthFlow, region: Region = Region.JAPAN, presentSignup: Boolean = false, forceLogout: Boolean = false): LinkAuthOptions.Creator","com.getmoneytree.LinkAuthOptions.Companion.create"]},{"name":"fun create(context: Context): SecureStore","description":"com.getmoneytree.internal.SecureStore.Companion.create","location":"core/com.getmoneytree.internal/-secure-store/-companion/create.html","searchKeys":["create","fun create(context: Context): SecureStore","com.getmoneytree.internal.SecureStore.Companion.create"]},{"name":"fun create(email: String, options: LinkAuthOptions): LinkAuthOptions.Onboarding","description":"com.getmoneytree.LinkAuthOptions.Onboarding.Companion.create","location":"core/com.getmoneytree/-link-auth-options/-onboarding/-companion/create.html","searchKeys":["create","fun create(email: String, options: LinkAuthOptions): LinkAuthOptions.Onboarding","com.getmoneytree.LinkAuthOptions.Onboarding.Companion.create"]},{"name":"fun create(linkEnvironment: LinkEnvironment, clientId: String, scopes: Set<String>, redirectUri: String): MoneytreeLinkConfiguration","description":"com.getmoneytree.MoneytreeLinkConfiguration.Companion.create","location":"core/com.getmoneytree/-moneytree-link-configuration/-companion/create.html","searchKeys":["create","fun create(linkEnvironment: LinkEnvironment, clientId: String, scopes: Set<String>, redirectUri: String): MoneytreeLinkConfiguration","com.getmoneytree.MoneytreeLinkConfiguration.Companion.create"]},{"name":"fun create(options: LinkAuthOptions, email: String? = null): LinkAuthOptions.Authorize","description":"com.getmoneytree.LinkAuthOptions.Authorize.Companion.create","location":"core/com.getmoneytree/-link-auth-options/-authorize/-companion/create.html","searchKeys":["create","fun create(options: LinkAuthOptions, email: String? = null): LinkAuthOptions.Authorize","com.getmoneytree.LinkAuthOptions.Authorize.Companion.create"]},{"name":"fun create(vaultOpenServicesOptions: VaultOpenServicesOptions? = null, userEmail: String? = null, path: String? = null): LinkRequestContext","description":"com.getmoneytree.LinkRequestContext.Companion.create","location":"core/com.getmoneytree/-link-request-context/-companion/create.html","searchKeys":["create","fun create(vaultOpenServicesOptions: VaultOpenServicesOptions? = null, userEmail: String? = null, path: String? = null): LinkRequestContext","com.getmoneytree.LinkRequestContext.Companion.create"]},{"name":"fun decrypt(encrypted: String): String","description":"com.getmoneytree.internal.Encryption.decrypt","location":"core/com.getmoneytree.internal/-encryption/decrypt.html","searchKeys":["decrypt","fun decrypt(encrypted: String): String","com.getmoneytree.internal.Encryption.decrypt"]},{"name":"fun deleteCredentials()","description":"com.getmoneytree.MoneytreeLink.deleteCredentials","location":"core/com.getmoneytree/-moneytree-link/delete-credentials.html","searchKeys":["deleteCredentials","fun deleteCredentials()","com.getmoneytree.MoneytreeLink.deleteCredentials"]},{"name":"fun encrypt(plainText: String): String","description":"com.getmoneytree.internal.Encryption.encrypt","location":"core/com.getmoneytree.internal/-encryption/encrypt.html","searchKeys":["encrypt","fun encrypt(plainText: String): String","com.getmoneytree.internal.Encryption.encrypt"]},{"name":"fun forceLogout(forceLogout: Boolean): LinkAuthOptions.Builder","description":"com.getmoneytree.LinkAuthOptions.Builder.forceLogout","location":"core/com.getmoneytree/-link-auth-options/-builder/force-logout.html","searchKeys":["forceLogout","fun forceLogout(forceLogout: Boolean): LinkAuthOptions.Builder","com.getmoneytree.LinkAuthOptions.Builder.forceLogout"]},{"name":"fun generate(): String","description":"com.getmoneytree.internal.StateNonce.generate","location":"core/com.getmoneytree.internal/-state-nonce/generate.html","searchKeys":["generate","fun generate(): String","com.getmoneytree.internal.StateNonce.generate"]},{"name":"fun getToken(activity: Activity)","description":"com.getmoneytree.MoneytreeLink.getToken","location":"core/com.getmoneytree/-moneytree-link/get-token.html","searchKeys":["getToken","fun getToken(activity: Activity)","com.getmoneytree.MoneytreeLink.getToken"]},{"name":"fun getTokenInfo(callback: OnTokenInfoCallback)","description":"com.getmoneytree.MoneytreeLink.getTokenInfo","location":"core/com.getmoneytree/-moneytree-link/get-token-info.html","searchKeys":["getTokenInfo","fun getTokenInfo(callback: OnTokenInfoCallback)","com.getmoneytree.MoneytreeLink.getTokenInfo"]},{"name":"fun getTokenInfoWithToken(callback: OnTokenInfoCallback)","description":"com.getmoneytree.MoneytreeLink.getTokenInfoWithToken","location":"core/com.getmoneytree/-moneytree-link/get-token-info-with-token.html","searchKeys":["getTokenInfoWithToken","fun getTokenInfoWithToken(callback: OnTokenInfoCallback)","com.getmoneytree.MoneytreeLink.getTokenInfoWithToken"]},{"name":"fun group(group: String?): VaultOpenServicesOptions.Builder","description":"com.getmoneytree.VaultOpenServicesOptions.Builder.group","location":"core/com.getmoneytree/-vault-open-services-options/-builder/group.html","searchKeys":["group","fun group(group: String?): VaultOpenServicesOptions.Builder","com.getmoneytree.VaultOpenServicesOptions.Builder.group"]},{"name":"fun init(context: Context, configuration: MoneytreeLinkConfiguration, onLinkResult: LinkResultListener? = null): MoneytreeLink","description":"com.getmoneytree.MoneytreeLink.Companion.init","location":"core/com.getmoneytree/-moneytree-link/-companion/init.html","searchKeys":["init","fun init(context: Context, configuration: MoneytreeLinkConfiguration, onLinkResult: LinkResultListener? = null): MoneytreeLink","com.getmoneytree.MoneytreeLink.Companion.init"]},{"name":"fun interface Lambda","description":"com.getmoneytree.MoneytreeLinkExtensions.Lambda","location":"core/com.getmoneytree/-moneytree-link-extensions/-lambda/index.html","searchKeys":["Lambda","fun interface Lambda","com.getmoneytree.MoneytreeLinkExtensions.Lambda"]},{"name":"fun interface LambdaError","description":"com.getmoneytree.MoneytreeLinkExtensions.LambdaError","location":"core/com.getmoneytree/-moneytree-link-extensions/-lambda-error/index.html","searchKeys":["LambdaError","fun interface LambdaError","com.getmoneytree.MoneytreeLinkExtensions.LambdaError"]},{"name":"fun interface LambdaEvent","description":"com.getmoneytree.MoneytreeLinkExtensions.LambdaEvent","location":"core/com.getmoneytree/-moneytree-link-extensions/-lambda-event/index.html","searchKeys":["LambdaEvent","fun interface LambdaEvent","com.getmoneytree.MoneytreeLinkExtensions.LambdaEvent"]},{"name":"fun interface LambdaToken","description":"com.getmoneytree.MoneytreeLinkExtensions.LambdaToken","location":"core/com.getmoneytree/-moneytree-link-extensions/-lambda-token/index.html","searchKeys":["LambdaToken","fun interface LambdaToken","com.getmoneytree.MoneytreeLinkExtensions.LambdaToken"]},{"name":"fun interface LinkResultListener","description":"com.getmoneytree.LinkResultListener","location":"core/com.getmoneytree/-link-result-listener/index.html","searchKeys":["LinkResultListener","fun interface LinkResultListener","com.getmoneytree.LinkResultListener"]},{"name":"fun linkEnvironment(linkEnvironment: LinkEnvironment?): MoneytreeLinkConfiguration.Builder","description":"com.getmoneytree.MoneytreeLinkConfiguration.Builder.linkEnvironment","location":"core/com.getmoneytree/-moneytree-link-configuration/-builder/link-environment.html","searchKeys":["linkEnvironment","fun linkEnvironment(linkEnvironment: LinkEnvironment?): MoneytreeLinkConfiguration.Builder","com.getmoneytree.MoneytreeLinkConfiguration.Builder.linkEnvironment"]},{"name":"fun logout(activity: Activity)","description":"com.getmoneytree.MoneytreeLink.logout","location":"core/com.getmoneytree/-moneytree-link/logout.html","searchKeys":["logout","fun logout(activity: Activity)","com.getmoneytree.MoneytreeLink.logout"]},{"name":"fun onboard(activity: Activity, config: LinkAuthOptions.Onboarding)","description":"com.getmoneytree.MoneytreeLink.onboard","location":"core/com.getmoneytree/-moneytree-link/onboard.html","searchKeys":["onboard","fun onboard(activity: Activity, config: LinkAuthOptions.Onboarding)","com.getmoneytree.MoneytreeLink.onboard"]},{"name":"fun openSettings(activity: Activity, email: String? = null)","description":"com.getmoneytree.MoneytreeLink.openSettings","location":"core/com.getmoneytree/-moneytree-link/open-settings.html","searchKeys":["openSettings","fun openSettings(activity: Activity, email: String? = null)","com.getmoneytree.MoneytreeLink.openSettings"]},{"name":"fun openVault(activity: Activity, requestContext: LinkRequestContext = LinkRequestContext.Builder().build())","description":"com.getmoneytree.MoneytreeLink.openVault","location":"core/com.getmoneytree/-moneytree-link/open-vault.html","searchKeys":["openVault","fun openVault(activity: Activity, requestContext: LinkRequestContext = LinkRequestContext.Builder().build())","com.getmoneytree.MoneytreeLink.openVault"]},{"name":"fun path(path: String): LinkRequestContext.Builder","description":"com.getmoneytree.LinkRequestContext.Builder.path","location":"core/com.getmoneytree/-link-request-context/-builder/path.html","searchKeys":["path","fun path(path: String): LinkRequestContext.Builder","com.getmoneytree.LinkRequestContext.Builder.path"]},{"name":"fun pathSuffix(pathSuffix: String): LinkRequestContext.Builder","description":"com.getmoneytree.LinkRequestContext.Builder.pathSuffix","location":"core/com.getmoneytree/-link-request-context/-builder/path-suffix.html","searchKeys":["pathSuffix","fun pathSuffix(pathSuffix: String): LinkRequestContext.Builder","com.getmoneytree.LinkRequestContext.Builder.pathSuffix"]},{"name":"fun presentSignup(presentSignup: Boolean): LinkAuthOptions.Builder","description":"com.getmoneytree.LinkAuthOptions.Builder.presentSignup","location":"core/com.getmoneytree/-link-auth-options/-builder/present-signup.html","searchKeys":["presentSignup","fun presentSignup(presentSignup: Boolean): LinkAuthOptions.Builder","com.getmoneytree.LinkAuthOptions.Builder.presentSignup"]},{"name":"fun redirectUri(uri: String): MoneytreeLinkConfiguration.Builder","description":"com.getmoneytree.MoneytreeLinkConfiguration.Builder.redirectUri","location":"core/com.getmoneytree/-moneytree-link-configuration/-builder/redirect-uri.html","searchKeys":["redirectUri","fun redirectUri(uri: String): MoneytreeLinkConfiguration.Builder","com.getmoneytree.MoneytreeLinkConfiguration.Builder.redirectUri"]},{"name":"fun registerFcmToken(deviceToken: String, listener: Action? = null)","description":"com.getmoneytree.MoneytreeLink.registerFcmToken","location":"core/com.getmoneytree/-moneytree-link/register-fcm-token.html","searchKeys":["registerFcmToken","fun registerFcmToken(deviceToken: String, listener: Action? = null)","com.getmoneytree.MoneytreeLink.registerFcmToken"]},{"name":"fun registerRemoteToken(deviceToken: String, listener: Action? = null)","description":"com.getmoneytree.MoneytreeLink.registerRemoteToken","location":"core/com.getmoneytree/-moneytree-link/register-remote-token.html","searchKeys":["registerRemoteToken","fun registerRemoteToken(deviceToken: String, listener: Action? = null)","com.getmoneytree.MoneytreeLink.registerRemoteToken"]},{"name":"fun removeOnLinkResult(onLinkResult: LinkResultListener)","description":"com.getmoneytree.MoneytreeLink.removeOnLinkResult","location":"core/com.getmoneytree/-moneytree-link/remove-on-link-result.html","searchKeys":["removeOnLinkResult","fun removeOnLinkResult(onLinkResult: LinkResultListener)","com.getmoneytree.MoneytreeLink.removeOnLinkResult"]},{"name":"fun requestLoginLink(email: String, destination: String, listener: Action? = null)","description":"com.getmoneytree.MoneytreeLink.requestLoginLink","location":"core/com.getmoneytree/-moneytree-link/request-login-link.html","searchKeys":["requestLoginLink","fun requestLoginLink(email: String, destination: String, listener: Action? = null)","com.getmoneytree.MoneytreeLink.requestLoginLink"]},{"name":"fun requestMagicLink(email: String, destination: String, listener: Action? = null)","description":"com.getmoneytree.MoneytreeLink.requestMagicLink","location":"core/com.getmoneytree/-moneytree-link/request-magic-link.html","searchKeys":["requestMagicLink","fun requestMagicLink(email: String, destination: String, listener: Action? = null)","com.getmoneytree.MoneytreeLink.requestMagicLink"]},{"name":"fun scopes(vararg scopes: MoneytreeLinkScope): MoneytreeLinkConfiguration.Builder","description":"com.getmoneytree.MoneytreeLinkConfiguration.Builder.scopes","location":"core/com.getmoneytree/-moneytree-link-configuration/-builder/scopes.html","searchKeys":["scopes","fun scopes(vararg scopes: MoneytreeLinkScope): MoneytreeLinkConfiguration.Builder","com.getmoneytree.MoneytreeLinkConfiguration.Builder.scopes"]},{"name":"fun scopes(vararg scopes: String): MoneytreeLinkConfiguration.Builder","description":"com.getmoneytree.MoneytreeLinkConfiguration.Builder.scopes","location":"core/com.getmoneytree/-moneytree-link-configuration/-builder/scopes.html","searchKeys":["scopes","fun scopes(vararg scopes: String): MoneytreeLinkConfiguration.Builder","com.getmoneytree.MoneytreeLinkConfiguration.Builder.scopes"]},{"name":"fun sdkInit(context: Context, configuration: MoneytreeLinkConfiguration, modules: Set<MoneytreeLinkModule.Factory>, onLinkResult: LinkResultListener? = null): MoneytreeLink","description":"com.getmoneytree.MoneytreeLink.Companion.sdkInit","location":"core/com.getmoneytree/-moneytree-link/-companion/sdk-init.html","searchKeys":["sdkInit","fun sdkInit(context: Context, configuration: MoneytreeLinkConfiguration, modules: Set<MoneytreeLinkModule.Factory>, onLinkResult: LinkResultListener? = null): MoneytreeLink","com.getmoneytree.MoneytreeLink.Companion.sdkInit"]},{"name":"fun search(search: String?): VaultOpenServicesOptions.Builder","description":"com.getmoneytree.VaultOpenServicesOptions.Builder.search","location":"core/com.getmoneytree/-vault-open-services-options/-builder/search.html","searchKeys":["search","fun search(search: String?): VaultOpenServicesOptions.Builder","com.getmoneytree.VaultOpenServicesOptions.Builder.search"]},{"name":"fun serviceUrl(mtToken: String? = null): Uri","description":"com.getmoneytree.internal.VaultResource.serviceUrl","location":"core/com.getmoneytree.internal/-vault-resource/service-url.html","searchKeys":["serviceUrl","fun serviceUrl(mtToken: String? = null): Uri","com.getmoneytree.internal.VaultResource.serviceUrl"]},{"name":"fun startUpgradeTokenFlow(activity: Activity)","description":"com.getmoneytree.MoneytreeLink.startUpgradeTokenFlow","location":"core/com.getmoneytree/-moneytree-link/start-upgrade-token-flow.html","searchKeys":["startUpgradeTokenFlow","fun startUpgradeTokenFlow(activity: Activity)","com.getmoneytree.MoneytreeLink.startUpgradeTokenFlow"]},{"name":"fun stayLoggedIn(value: Boolean)","description":"com.getmoneytree.MoneytreeLink.stayLoggedIn","location":"core/com.getmoneytree/-moneytree-link/stay-logged-in.html","searchKeys":["stayLoggedIn","fun stayLoggedIn(value: Boolean)","com.getmoneytree.MoneytreeLink.stayLoggedIn"]},{"name":"fun toValue(): String","description":"com.getmoneytree.Region.toValue","location":"core/com.getmoneytree/-region/to-value.html","searchKeys":["toValue","fun toValue(): String","com.getmoneytree.Region.toValue"]},{"name":"fun type(type: String?): VaultOpenServicesOptions.Builder","description":"com.getmoneytree.VaultOpenServicesOptions.Builder.type","location":"core/com.getmoneytree/-vault-open-services-options/-builder/type.html","searchKeys":["type","fun type(type: String?): VaultOpenServicesOptions.Builder","com.getmoneytree.VaultOpenServicesOptions.Builder.type"]},{"name":"fun unregisterFcmToken(deviceToken: String, listener: Action? = null)","description":"com.getmoneytree.MoneytreeLink.unregisterFcmToken","location":"core/com.getmoneytree/-moneytree-link/unregister-fcm-token.html","searchKeys":["unregisterFcmToken","fun unregisterFcmToken(deviceToken: String, listener: Action? = null)","com.getmoneytree.MoneytreeLink.unregisterFcmToken"]},{"name":"fun unregisterRemoteToken(deviceToken: String, listener: Action? = null)","description":"com.getmoneytree.MoneytreeLink.unregisterRemoteToken","location":"core/com.getmoneytree/-moneytree-link/unregister-remote-token.html","searchKeys":["unregisterRemoteToken","fun unregisterRemoteToken(deviceToken: String, listener: Action? = null)","com.getmoneytree.MoneytreeLink.unregisterRemoteToken"]},{"name":"fun updateConfiguration(configuration: MoneytreeLinkConfiguration)","description":"com.getmoneytree.MoneytreeLink.updateConfiguration","location":"core/com.getmoneytree/-moneytree-link/update-configuration.html","searchKeys":["updateConfiguration","fun updateConfiguration(configuration: MoneytreeLinkConfiguration)","com.getmoneytree.MoneytreeLink.updateConfiguration"]},{"name":"fun updateProtocol(value: String)","description":"com.getmoneytree.internal.SecureStoreMeta.updateProtocol","location":"core/com.getmoneytree.internal/-secure-store-meta/update-protocol.html","searchKeys":["updateProtocol","fun updateProtocol(value: String)","com.getmoneytree.internal.SecureStoreMeta.updateProtocol"]},{"name":"fun userEmail(userEmail: String): LinkRequestContext.Builder","description":"com.getmoneytree.LinkRequestContext.Builder.userEmail","location":"core/com.getmoneytree/-link-request-context/-builder/user-email.html","searchKeys":["userEmail","fun userEmail(userEmail: String): LinkRequestContext.Builder","com.getmoneytree.LinkRequestContext.Builder.userEmail"]},{"name":"fun vaultOpenServicesOptions(options: VaultOpenServicesOptions): LinkRequestContext.Builder","description":"com.getmoneytree.LinkRequestContext.Builder.vaultOpenServicesOptions","location":"core/com.getmoneytree/-link-request-context/-builder/vault-open-services-options.html","searchKeys":["vaultOpenServicesOptions","fun vaultOpenServicesOptions(options: VaultOpenServicesOptions): LinkRequestContext.Builder","com.getmoneytree.LinkRequestContext.Builder.vaultOpenServicesOptions"]},{"name":"interface Action","description":"com.getmoneytree.listener.Action","location":"core/com.getmoneytree.listener/-action/index.html","searchKeys":["Action","interface Action","com.getmoneytree.listener.Action"]},{"name":"interface Factory : Serializable","description":"com.getmoneytree.module.MoneytreeLinkModule.Factory","location":"core/com.getmoneytree.module/-moneytree-link-module/-factory/index.html","searchKeys":["Factory","interface Factory : Serializable","com.getmoneytree.module.MoneytreeLinkModule.Factory"]},{"name":"interface ModuleSessionPlugin","description":"com.getmoneytree.listener.ModuleSessionPlugin","location":"core/com.getmoneytree.listener/-module-session-plugin/index.html","searchKeys":["ModuleSessionPlugin","interface ModuleSessionPlugin","com.getmoneytree.listener.ModuleSessionPlugin"]},{"name":"interface MoneytreeLinkModule","description":"com.getmoneytree.module.MoneytreeLinkModule","location":"core/com.getmoneytree.module/-moneytree-link-module/index.html","searchKeys":["MoneytreeLinkModule","interface MoneytreeLinkModule","com.getmoneytree.module.MoneytreeLinkModule"]},{"name":"interface OnTokenInfoCallback","description":"com.getmoneytree.OnTokenInfoCallback","location":"core/com.getmoneytree/-on-token-info-callback/index.html","searchKeys":["OnTokenInfoCallback","interface OnTokenInfoCallback","com.getmoneytree.OnTokenInfoCallback"]},{"name":"interface PKCE","description":"com.getmoneytree.internal.PKCE","location":"core/com.getmoneytree.internal/-p-k-c-e/index.html","searchKeys":["PKCE","interface PKCE","com.getmoneytree.internal.PKCE"]},{"name":"object Companion","description":"com.getmoneytree.LinkAuthFlow.Pkce.Companion","location":"core/com.getmoneytree/-link-auth-flow/-pkce/-companion/index.html","searchKeys":["Companion","object Companion","com.getmoneytree.LinkAuthFlow.Pkce.Companion"]},{"name":"object Companion","description":"com.getmoneytree.LinkAuthOptions.Authorize.Companion","location":"core/com.getmoneytree/-link-auth-options/-authorize/-companion/index.html","searchKeys":["Companion","object Companion","com.getmoneytree.LinkAuthOptions.Authorize.Companion"]},{"name":"object Companion","description":"com.getmoneytree.LinkAuthOptions.Companion","location":"core/com.getmoneytree/-link-auth-options/-companion/index.html","searchKeys":["Companion","object Companion","com.getmoneytree.LinkAuthOptions.Companion"]},{"name":"object Companion","description":"com.getmoneytree.LinkAuthOptions.Onboarding.Companion","location":"core/com.getmoneytree/-link-auth-options/-onboarding/-companion/index.html","searchKeys":["Companion","object Companion","com.getmoneytree.LinkAuthOptions.Onboarding.Companion"]},{"name":"object Companion","description":"com.getmoneytree.LinkRequestContext.Companion","location":"core/com.getmoneytree/-link-request-context/-companion/index.html","searchKeys":["Companion","object Companion","com.getmoneytree.LinkRequestContext.Companion"]},{"name":"object Companion","description":"com.getmoneytree.MoneytreeLink.Companion","location":"core/com.getmoneytree/-moneytree-link/-companion/index.html","searchKeys":["Companion","object Companion","com.getmoneytree.MoneytreeLink.Companion"]},{"name":"object Companion","description":"com.getmoneytree.MoneytreeLinkConfiguration.Companion","location":"core/com.getmoneytree/-moneytree-link-configuration/-companion/index.html","searchKeys":["Companion","object Companion","com.getmoneytree.MoneytreeLinkConfiguration.Companion"]},{"name":"object Companion","description":"com.getmoneytree.MoneytreeLinkException.Companion","location":"core/com.getmoneytree/-moneytree-link-exception/-companion/index.html","searchKeys":["Companion","object Companion","com.getmoneytree.MoneytreeLinkException.Companion"]},{"name":"object Companion","description":"com.getmoneytree.internal.Encryption.Companion","location":"core/com.getmoneytree.internal/-encryption/-companion/index.html","searchKeys":["Companion","object Companion","com.getmoneytree.internal.Encryption.Companion"]},{"name":"object Companion","description":"com.getmoneytree.internal.SecureStore.Companion","location":"core/com.getmoneytree.internal/-secure-store/-companion/index.html","searchKeys":["Companion","object Companion","com.getmoneytree.internal.SecureStore.Companion"]},{"name":"object MoneytreeLinkExtensions","description":"com.getmoneytree.MoneytreeLinkExtensions","location":"core/com.getmoneytree/-moneytree-link-extensions/index.html","searchKeys":["MoneytreeLinkExtensions","object MoneytreeLinkExtensions","com.getmoneytree.MoneytreeLinkExtensions"]},{"name":"object StateNonce","description":"com.getmoneytree.internal.StateNonce","location":"core/com.getmoneytree.internal/-state-nonce/index.html","searchKeys":["StateNonce","object StateNonce","com.getmoneytree.internal.StateNonce"]},{"name":"open class CustomTabsHelper","description":"org.chromium.customtabsclient.shared.CustomTabsHelper","location":"core/org.chromium.customtabsclient.shared/-custom-tabs-helper/index.html","searchKeys":["CustomTabsHelper","open class CustomTabsHelper","org.chromium.customtabsclient.shared.CustomTabsHelper"]},{"name":"open fun getPackageNameToUse(context: Context): String","description":"org.chromium.customtabsclient.shared.CustomTabsHelper.getPackageNameToUse","location":"core/org.chromium.customtabsclient.shared/-custom-tabs-helper/get-package-name-to-use.html","searchKeys":["getPackageNameToUse","open fun getPackageNameToUse(context: Context): String","org.chromium.customtabsclient.shared.CustomTabsHelper.getPackageNameToUse"]},{"name":"open fun validateBrowserCapability(context: Context): Boolean","description":"org.chromium.customtabsclient.shared.CustomTabsHelper.validateBrowserCapability","location":"core/org.chromium.customtabsclient.shared/-custom-tabs-helper/validate-browser-capability.html","searchKeys":["validateBrowserCapability","open fun validateBrowserCapability(context: Context): Boolean","org.chromium.customtabsclient.shared.CustomTabsHelper.validateBrowserCapability"]},{"name":"open operator override fun equals(other: Any?): Boolean","description":"com.getmoneytree.MoneytreeLinkException.equals","location":"core/com.getmoneytree/-moneytree-link-exception/equals.html","searchKeys":["equals","open operator override fun equals(other: Any?): Boolean","com.getmoneytree.MoneytreeLinkException.equals"]},{"name":"open override fun hashCode(): Int","description":"com.getmoneytree.MoneytreeLinkException.hashCode","location":"core/com.getmoneytree/-moneytree-link-exception/hash-code.html","searchKeys":["hashCode","open override fun hashCode(): Int","com.getmoneytree.MoneytreeLinkException.hashCode"]},{"name":"sealed class LinkAuthFlow","description":"com.getmoneytree.LinkAuthFlow","location":"core/com.getmoneytree/-link-auth-flow/index.html","searchKeys":["LinkAuthFlow","sealed class LinkAuthFlow","com.getmoneytree.LinkAuthFlow"]},{"name":"sealed class LinkResult","description":"com.getmoneytree.LinkResult","location":"core/com.getmoneytree/-link-result/index.html","searchKeys":["LinkResult","sealed class LinkResult","com.getmoneytree.LinkResult"]},{"name":"val accessToken: String","description":"com.getmoneytree.ClientAccessToken.accessToken","location":"core/com.getmoneytree/-client-access-token/access-token.html","searchKeys":["accessToken","val accessToken: String","com.getmoneytree.ClientAccessToken.accessToken"]},{"name":"val authFlow: LinkAuthFlow","description":"com.getmoneytree.LinkAuthOptions.authFlow","location":"core/com.getmoneytree/-link-auth-options/auth-flow.html","searchKeys":["authFlow","val authFlow: LinkAuthFlow","com.getmoneytree.LinkAuthOptions.authFlow"]},{"name":"val clientId: String","description":"com.getmoneytree.MoneytreeLinkConfiguration.clientId","location":"core/com.getmoneytree/-moneytree-link-configuration/client-id.html","searchKeys":["clientId","val clientId: String","com.getmoneytree.MoneytreeLinkConfiguration.clientId"]},{"name":"val clientId: String","description":"com.getmoneytree.internal.model.MagicLinkRequest.clientId","location":"core/com.getmoneytree.internal.model/-magic-link-request/client-id.html","searchKeys":["clientId","val clientId: String","com.getmoneytree.internal.model.MagicLinkRequest.clientId"]},{"name":"val clientId: String","description":"com.getmoneytree.internal.model.TokenExchangeRequest.clientId","location":"core/com.getmoneytree.internal.model/-token-exchange-request/client-id.html","searchKeys":["clientId","val clientId: String","com.getmoneytree.internal.model.TokenExchangeRequest.clientId"]},{"name":"val clientId: String","description":"com.getmoneytree.internal.model.TokenRefreshRequest.clientId","location":"core/com.getmoneytree.internal.model/-token-refresh-request/client-id.html","searchKeys":["clientId","val clientId: String","com.getmoneytree.internal.model.TokenRefreshRequest.clientId"]},{"name":"val code: String","description":"com.getmoneytree.internal.model.TokenExchangeRequest.code","location":"core/com.getmoneytree.internal.model/-token-exchange-request/code.html","searchKeys":["code","val code: String","com.getmoneytree.internal.model.TokenExchangeRequest.code"]},{"name":"val codeChallengeMethod: String","description":"com.getmoneytree.internal.model.TokenExchangeRequest.codeChallengeMethod","location":"core/com.getmoneytree.internal.model/-token-exchange-request/code-challenge-method.html","searchKeys":["codeChallengeMethod","val codeChallengeMethod: String","com.getmoneytree.internal.model.TokenExchangeRequest.codeChallengeMethod"]},{"name":"val codeVerifier: String","description":"com.getmoneytree.internal.model.TokenExchangeRequest.codeVerifier","location":"core/com.getmoneytree.internal.model/-token-exchange-request/code-verifier.html","searchKeys":["codeVerifier","val codeVerifier: String","com.getmoneytree.internal.model.TokenExchangeRequest.codeVerifier"]},{"name":"val configs: String","description":"com.getmoneytree.internal.model.MagicLinkRequest.configs","location":"core/com.getmoneytree.internal.model/-magic-link-request/configs.html","searchKeys":["configs","val configs: String","com.getmoneytree.internal.model.MagicLinkRequest.configs"]},{"name":"val country: String","description":"com.getmoneytree.internal.model.TokenInfoResponse.country","location":"core/com.getmoneytree.internal.model/-token-info-response/country.html","searchKeys":["country","val country: String","com.getmoneytree.internal.model.TokenInfoResponse.country"]},{"name":"val createdAt: Long","description":"com.getmoneytree.ClientAccessToken.createdAt","location":"core/com.getmoneytree/-client-access-token/created-at.html","searchKeys":["createdAt","val createdAt: Long","com.getmoneytree.ClientAccessToken.createdAt"]},{"name":"val customSchemeUriPrefix: String","description":"com.getmoneytree.MoneytreeLinkConfiguration.customSchemeUriPrefix","location":"core/com.getmoneytree/-moneytree-link-configuration/custom-scheme-uri-prefix.html","searchKeys":["customSchemeUriPrefix","val customSchemeUriPrefix: String","com.getmoneytree.MoneytreeLinkConfiguration.customSchemeUriPrefix"]},{"name":"val deviceToken: String","description":"com.getmoneytree.internal.model.DeviceRegisterRequest.deviceToken","location":"core/com.getmoneytree.internal.model/-device-register-request/device-token.html","searchKeys":["deviceToken","val deviceToken: String","com.getmoneytree.internal.model.DeviceRegisterRequest.deviceToken"]},{"name":"val deviceToken: String","description":"com.getmoneytree.internal.model.DeviceUnregisterRequest.deviceToken","location":"core/com.getmoneytree.internal.model/-device-unregister-request/device-token.html","searchKeys":["deviceToken","val deviceToken: String","com.getmoneytree.internal.model.DeviceUnregisterRequest.deviceToken"]},{"name":"val deviceType: String","description":"com.getmoneytree.internal.model.DeviceRegisterRequest.deviceType","location":"core/com.getmoneytree.internal.model/-device-register-request/device-type.html","searchKeys":["deviceType","val deviceType: String","com.getmoneytree.internal.model.DeviceRegisterRequest.deviceType"]},{"name":"val email: String","description":"com.getmoneytree.LinkAuthOptions.email","location":"core/com.getmoneytree/-link-auth-options/email.html","searchKeys":["email","val email: String","com.getmoneytree.LinkAuthOptions.email"]},{"name":"val email: String","description":"com.getmoneytree.internal.model.MagicLinkRequest.email","location":"core/com.getmoneytree.internal.model/-magic-link-request/email.html","searchKeys":["email","val email: String","com.getmoneytree.internal.model.MagicLinkRequest.email"]},{"name":"val error: LinkError","description":"com.getmoneytree.MoneytreeLinkException.error","location":"core/com.getmoneytree/-moneytree-link-exception/error.html","searchKeys":["error","val error: LinkError","com.getmoneytree.MoneytreeLinkException.error"]},{"name":"val event: LinkEvent","description":"com.getmoneytree.LinkResult.Event.event","location":"core/com.getmoneytree/-link-result/-event/event.html","searchKeys":["event","val event: LinkEvent","com.getmoneytree.LinkResult.Event.event"]},{"name":"val expiresIn: Long","description":"com.getmoneytree.ClientAccessToken.expiresIn","location":"core/com.getmoneytree/-client-access-token/expires-in.html","searchKeys":["expiresIn","val expiresIn: Long","com.getmoneytree.ClientAccessToken.expiresIn"]},{"name":"val forceLogout: Boolean = false","description":"com.getmoneytree.LinkAuthOptions.forceLogout","location":"core/com.getmoneytree/-link-auth-options/force-logout.html","searchKeys":["forceLogout","val forceLogout: Boolean = false","com.getmoneytree.LinkAuthOptions.forceLogout"]},{"name":"val grantType: String","description":"com.getmoneytree.internal.model.TokenExchangeRequest.grantType","location":"core/com.getmoneytree.internal.model/-token-exchange-request/grant-type.html","searchKeys":["grantType","val grantType: String","com.getmoneytree.internal.model.TokenExchangeRequest.grantType"]},{"name":"val grantType: String","description":"com.getmoneytree.internal.model.TokenRefreshRequest.grantType","location":"core/com.getmoneytree.internal.model/-token-refresh-request/grant-type.html","searchKeys":["grantType","val grantType: String","com.getmoneytree.internal.model.TokenRefreshRequest.grantType"]},{"name":"val instance: MoneytreeLink","description":"com.getmoneytree.MoneytreeLink.Companion.instance","location":"core/com.getmoneytree/-moneytree-link/-companion/instance.html","searchKeys":["instance","val instance: MoneytreeLink","com.getmoneytree.MoneytreeLink.Companion.instance"]},{"name":"val isLoggedIn: Boolean","description":"com.getmoneytree.MoneytreeLink.isLoggedIn","location":"core/com.getmoneytree/-moneytree-link/is-logged-in.html","searchKeys":["isLoggedIn","val isLoggedIn: Boolean","com.getmoneytree.MoneytreeLink.isLoggedIn"]},{"name":"val isProduction: Boolean","description":"com.getmoneytree.MoneytreeLinkConfiguration.isProduction","location":"core/com.getmoneytree/-moneytree-link-configuration/is-production.html","searchKeys":["isProduction","val isProduction: Boolean","com.getmoneytree.MoneytreeLinkConfiguration.isProduction"]},{"name":"val linkEnvironment: LinkEnvironment","description":"com.getmoneytree.MoneytreeLinkConfiguration.linkEnvironment","location":"core/com.getmoneytree/-moneytree-link-configuration/link-environment.html","searchKeys":["linkEnvironment","val linkEnvironment: LinkEnvironment","com.getmoneytree.MoneytreeLinkConfiguration.linkEnvironment"]},{"name":"val magicLinkTo: String","description":"com.getmoneytree.internal.model.MagicLinkRequest.magicLinkTo","location":"core/com.getmoneytree.internal.model/-magic-link-request/magic-link-to.html","searchKeys":["magicLinkTo","val magicLinkTo: String","com.getmoneytree.internal.model.MagicLinkRequest.magicLinkTo"]},{"name":"val message: String","description":"com.getmoneytree.LinkError.message","location":"core/com.getmoneytree/-link-error/message.html","searchKeys":["message","val message: String","com.getmoneytree.LinkError.message"]},{"name":"val moneytreeLinkException: MoneytreeLinkException","description":"com.getmoneytree.LinkResult.Error.moneytreeLinkException","location":"core/com.getmoneytree/-link-result/-error/moneytree-link-exception.html","searchKeys":["moneytreeLinkException","val moneytreeLinkException: MoneytreeLinkException","com.getmoneytree.LinkResult.Error.moneytreeLinkException"]},{"name":"val options: LinkAuthOptions","description":"com.getmoneytree.LinkAuthOptions.Authorize.options","location":"core/com.getmoneytree/-link-auth-options/-authorize/options.html","searchKeys":["options","val options: LinkAuthOptions","com.getmoneytree.LinkAuthOptions.Authorize.options"]},{"name":"val options: LinkAuthOptions","description":"com.getmoneytree.LinkAuthOptions.Onboarding.options","location":"core/com.getmoneytree/-link-auth-options/-onboarding/options.html","searchKeys":["options","val options: LinkAuthOptions","com.getmoneytree.LinkAuthOptions.Onboarding.options"]},{"name":"val path: String? = null","description":"com.getmoneytree.LinkRequestContext.path","location":"core/com.getmoneytree/-link-request-context/path.html","searchKeys":["path","val path: String? = null","com.getmoneytree.LinkRequestContext.path"]},{"name":"val presentSignup: Boolean = false","description":"com.getmoneytree.LinkAuthOptions.presentSignup","location":"core/com.getmoneytree/-link-auth-options/present-signup.html","searchKeys":["presentSignup","val presentSignup: Boolean = false","com.getmoneytree.LinkAuthOptions.presentSignup"]},{"name":"val protocol: String","description":"com.getmoneytree.internal.SecureStoreMeta.protocol","location":"core/com.getmoneytree.internal/-secure-store-meta/protocol.html","searchKeys":["protocol","val protocol: String","com.getmoneytree.internal.SecureStoreMeta.protocol"]},{"name":"val redirectUri: String","description":"com.getmoneytree.internal.model.TokenExchangeRequest.redirectUri","location":"core/com.getmoneytree.internal.model/-token-exchange-request/redirect-uri.html","searchKeys":["redirectUri","val redirectUri: String","com.getmoneytree.internal.model.TokenExchangeRequest.redirectUri"]},{"name":"val redirectUri: String?","description":"com.getmoneytree.MoneytreeLinkConfiguration.redirectUri","location":"core/com.getmoneytree/-moneytree-link-configuration/redirect-uri.html","searchKeys":["redirectUri","val redirectUri: String?","com.getmoneytree.MoneytreeLinkConfiguration.redirectUri"]},{"name":"val refreshToken: String","description":"com.getmoneytree.ClientAccessToken.refreshToken","location":"core/com.getmoneytree/-client-access-token/refresh-token.html","searchKeys":["refreshToken","val refreshToken: String","com.getmoneytree.ClientAccessToken.refreshToken"]},{"name":"val refreshToken: String","description":"com.getmoneytree.internal.model.TokenRefreshRequest.refreshToken","location":"core/com.getmoneytree.internal.model/-token-refresh-request/refresh-token.html","searchKeys":["refreshToken","val refreshToken: String","com.getmoneytree.internal.model.TokenRefreshRequest.refreshToken"]},{"name":"val region: Region","description":"com.getmoneytree.LinkAuthOptions.region","location":"core/com.getmoneytree/-link-auth-options/region.html","searchKeys":["region","val region: Region","com.getmoneytree.LinkAuthOptions.region"]},{"name":"val resourceServer: String","description":"com.getmoneytree.ClientAccessToken.resourceServer","location":"core/com.getmoneytree/-client-access-token/resource-server.html","searchKeys":["resourceServer","val resourceServer: String","com.getmoneytree.ClientAccessToken.resourceServer"]},{"name":"val resourceServer: String","description":"com.getmoneytree.internal.model.TokenInfoResponse.resourceServer","location":"core/com.getmoneytree.internal.model/-token-info-response/resource-server.html","searchKeys":["resourceServer","val resourceServer: String","com.getmoneytree.internal.model.TokenInfoResponse.resourceServer"]},{"name":"val scope: String","description":"com.getmoneytree.MoneytreeLinkConfiguration.scope","location":"core/com.getmoneytree/-moneytree-link-configuration/scope.html","searchKeys":["scope","val scope: String","com.getmoneytree.MoneytreeLinkConfiguration.scope"]},{"name":"val scopes: List<String>","description":"com.getmoneytree.internal.model.TokenInfoResponse.scopes","location":"core/com.getmoneytree.internal.model/-token-info-response/scopes.html","searchKeys":["scopes","val scopes: List<String>","com.getmoneytree.internal.model.TokenInfoResponse.scopes"]},{"name":"val state: String","description":"com.getmoneytree.LinkAuthFlow.state","location":"core/com.getmoneytree/-link-auth-flow/state.html","searchKeys":["state","val state: String","com.getmoneytree.LinkAuthFlow.state"]},{"name":"val state: String","description":"com.getmoneytree.internal.model.MagicLinkRequest.state","location":"core/com.getmoneytree.internal.model/-magic-link-request/state.html","searchKeys":["state","val state: String","com.getmoneytree.internal.model.MagicLinkRequest.state"]},{"name":"val token: ClientAccessToken?","description":"com.getmoneytree.LinkResult.Authorized.token","location":"core/com.getmoneytree/-link-result/-authorized/token.html","searchKeys":["token","val token: ClientAccessToken?","com.getmoneytree.LinkResult.Authorized.token"]},{"name":"val userEmail: String? = null","description":"com.getmoneytree.LinkRequestContext.userEmail","location":"core/com.getmoneytree/-link-request-context/user-email.html","searchKeys":["userEmail","val userEmail: String? = null","com.getmoneytree.LinkRequestContext.userEmail"]},{"name":"val value: String","description":"com.getmoneytree.ClientAccessToken.value","location":"core/com.getmoneytree/-client-access-token/value.html","searchKeys":["value","val value: String","com.getmoneytree.ClientAccessToken.value"]},{"name":"val value: String","description":"com.getmoneytree.MoneytreeLinkScope.value","location":"core/com.getmoneytree/-moneytree-link-scope/value.html","searchKeys":["value","val value: String","com.getmoneytree.MoneytreeLinkScope.value"]},{"name":"val value: String","description":"com.getmoneytree.internal.AuthAction.value","location":"core/com.getmoneytree.internal/-auth-action/value.html","searchKeys":["value","val value: String","com.getmoneytree.internal.AuthAction.value"]},{"name":"val vaultOpenServicesOptions: VaultOpenServicesOptions? = null","description":"com.getmoneytree.LinkRequestContext.vaultOpenServicesOptions","location":"core/com.getmoneytree/-link-request-context/vault-open-services-options.html","searchKeys":["vaultOpenServicesOptions","val vaultOpenServicesOptions: VaultOpenServicesOptions? = null","com.getmoneytree.LinkRequestContext.vaultOpenServicesOptions"]},{"name":"var configuration: MoneytreeLinkConfiguration","description":"com.getmoneytree.MoneytreeLink.configuration","location":"core/com.getmoneytree/-moneytree-link/configuration.html","searchKeys":["configuration","var configuration: MoneytreeLinkConfiguration","com.getmoneytree.MoneytreeLink.configuration"]},{"name":"abstract fun onError(exception: MoneytreeLinkException)","description":"com.getmoneytree.linkkit.LinkKit.LinkKitListener.onError","location":"link-kit/com.getmoneytree.linkkit/-link-kit/-link-kit-listener/on-error.html","searchKeys":["onError","abstract fun onError(exception: MoneytreeLinkException)","com.getmoneytree.linkkit.LinkKit.LinkKitListener.onError"]},{"name":"abstract fun onLaunched()","description":"com.getmoneytree.linkkit.LinkKit.LinkKitListener.onLaunched","location":"link-kit/com.getmoneytree.linkkit/-link-kit/-link-kit-listener/on-launched.html","searchKeys":["onLaunched","abstract fun onLaunched()","com.getmoneytree.linkkit.LinkKit.LinkKitListener.onLaunched"]},{"name":"class LinkKit","description":"com.getmoneytree.linkkit.LinkKit","location":"link-kit/com.getmoneytree.linkkit/-link-kit/index.html","searchKeys":["LinkKit","class LinkKit","com.getmoneytree.linkkit.LinkKit"]},{"name":"fun getInstance(): LinkKit","description":"com.getmoneytree.linkkit.LinkKit.Companion.getInstance","location":"link-kit/com.getmoneytree.linkkit/-link-kit/-companion/get-instance.html","searchKeys":["getInstance","fun getInstance(): LinkKit","com.getmoneytree.linkkit.LinkKit.Companion.getInstance"]},{"name":"fun init(context: Context, configuration: MoneytreeLinkConfiguration)","description":"com.getmoneytree.linkkit.LinkKit.Companion.init","location":"link-kit/com.getmoneytree.linkkit/-link-kit/-companion/init.html","searchKeys":["init","fun init(context: Context, configuration: MoneytreeLinkConfiguration)","com.getmoneytree.linkkit.LinkKit.Companion.init"]},{"name":"fun launch(activity: AppCompatActivity, listener: LinkKit.LinkKitListener?)","description":"com.getmoneytree.linkkit.LinkKit.launch","location":"link-kit/com.getmoneytree.linkkit/-link-kit/launch.html","searchKeys":["launch","fun launch(activity: AppCompatActivity, listener: LinkKit.LinkKitListener?)","com.getmoneytree.linkkit.LinkKit.launch"]},{"name":"fun linkClient(): MoneytreeLink","description":"com.getmoneytree.linkkit.LinkKit.Companion.linkClient","location":"link-kit/com.getmoneytree.linkkit/-link-kit/-companion/link-client.html","searchKeys":["linkClient","fun linkClient(): MoneytreeLink","com.getmoneytree.linkkit.LinkKit.Companion.linkClient"]},{"name":"interface LinkKitListener","description":"com.getmoneytree.linkkit.LinkKit.LinkKitListener","location":"link-kit/com.getmoneytree.linkkit/-link-kit/-link-kit-listener/index.html","searchKeys":["LinkKitListener","interface LinkKitListener","com.getmoneytree.linkkit.LinkKit.LinkKitListener"]},{"name":"object Companion","description":"com.getmoneytree.linkkit.LinkKit.Companion","location":"link-kit/com.getmoneytree.linkkit/-link-kit/-companion/index.html","searchKeys":["Companion","object Companion","com.getmoneytree.linkkit.LinkKit.Companion"]}]