[{"name":"link-kit","description":null,"location":"link-kit/index.html","searchKeys":["link-kit"]},{"name":"com.getmoneytree.linkkit","description":null,"location":"link-kit/com.getmoneytree.linkkit/index.html","searchKeys":["com.getmoneytree.linkkit"]},{"name":"LinkKit","description":null,"location":"link-kit/com.getmoneytree.linkkit/-link-kit/index.html","searchKeys":["LinkKit"]},{"name":"com.getmoneytree.linkkit.internal","description":null,"location":"link-kit/com.getmoneytree.linkkit.internal/index.html","searchKeys":["com.getmoneytree.linkkit.internal"]},{"name":"LinkKitHost","description":null,"location":"link-kit/com.getmoneytree.linkkit.internal/-link-kit-host/index.html","searchKeys":["LinkKitHost"]}]
